

Microchip Technology PIC PRO Macro Assembler V1.45 build -152302408 
                                                                                               Sun Jun 07 11:45:02 2026

Microchip Technology Omniscient Code Generator v1.45 (PRO mode) build 201711160504
     1                           	processor	SC8F096
     2                           	opt	pw 120
     3                           	opt	pm
     4                           	psect	idataBANK0,global,class=CODE,delta=2
     5                           	psect	strings,global,class=STRING,delta=2
     6                           	psect	cinit,global,class=CODE,merge=1,delta=2
     7                           	psect	bitbssBANK0,global,bit,class=BANK0,space=1,delta=1
     8                           	psect	bssBANK0,global,class=BANK0,space=1,delta=1
     9                           	psect	dataBANK0,global,class=BANK0,space=1,delta=1
    10                           	psect	bssBANK1,global,class=BANK1,space=1,delta=1
    11                           	psect	bssBANK3,global,class=BANK3,space=1,delta=1
    12                           	psect	bssBANK2,global,class=BANK2,space=1,delta=1
    13                           	psect	clrtext,global,class=CODE,delta=2
    14                           	psect	cstackBANK1,global,class=BANK1,space=1,delta=1
    15                           	psect	cstackCOMMON,global,class=COMMON,space=1,delta=1
    16                           	psect	cstackBANK0,global,class=BANK0,space=1,delta=1
    17                           	psect	maintext,global,class=CODE,split=1,delta=2
    18                           	psect	text1,local,class=CODE,merge=1,delta=2
    19                           	psect	text3,local,class=CODE,merge=1,delta=2
    20                           	psect	text5,local,class=CODE,merge=1,delta=2
    21                           	psect	intentry,global,class=CODE,delta=2
    22                           	psect	text7,local,class=CODE,merge=1,delta=2,group=1
    23                           	psect	text8,local,class=CODE,merge=1,delta=2,group=1
    24                           	psect	text10,local,class=CODE,merge=1,delta=2
    25                           	psect	text12,local,class=CODE,merge=1,delta=2
    26                           	psect	text13,local,class=CODE,merge=1,delta=2
    27                           	psect	text17,local,class=CODE,merge=1,delta=2
    28                           	psect	text26,local,class=CODE,merge=1,delta=2
    29                           	psect	text27,local,class=CODE,merge=1,delta=2
    30                           	psect	pa_nodes0,global,class=CODE,delta=2
    31                           	dabs	1,0x7E,2
    32  0000                     
    33                           ; Version 1.45
    34                           ; Generated 16/11/2017 GMT
    35                           ; 
    36                           ; Copyright © 2017, Microchip Technology Inc. and its subsidiaries ("Microchip")
    37                           ; All rights reserved.
    38                           ; 
    39                           ; This software is developed by Microchip Technology Inc. and its subsidiaries ("Microch
      +                          ip").
    40                           ; 
    41                           ; Redistribution and use in source and binary forms, with or without modification, are
    42                           ; permitted provided that the following conditions are met:
    43                           ; 
    44                           ;     1. Redistributions of source code must retain the above copyright notice, this lis
      +                          t of
    45                           ;        conditions and the following disclaimer.
    46                           ; 
    47                           ;     2. Redistributions in binary form must reproduce the above copyright notice, this 
      +                          list
    48                           ;        of conditions and the following disclaimer in the documentation and/or other
    49                           ;        materials provided with the distribution.
    50                           ; 
    51                           ;     3. Microchip's name may not be used to endorse or promote products derived from th
      +                          is
    52                           ;        software without specific prior written permission.
    53                           ; 
    54                           ; THIS SOFTWARE IS PROVIDED BY MICROCHIP "AS IS" AND ANY EXPRESS OR IMPLIED WARRANTIES,
    55                           ; INCLUDING, BUT NOT LIMITED TO, THE IMPLIED WARRANTIES OF MERCHANTABILITY AND FITNESS F
      +                          OR
    56                           ; PURPOSE ARE DISCLAIMED.  IN NO EVENT SHALL MICROCHIP BE LIABLE FOR ANY DIRECT, INDIREC
      +                          T,
    57                           ; INCIDENTAL, SPECIAL, EXEMPLARY, OR CONSEQUENTIAL DAMAGES (INCLUDING BUT NOT LIMITED TO
    58                           ; PROCUREMENT OF SUBSTITUTE GOODS OR SERVICES; LOSS OF USE, DATA OR PROFITS; OR BUSINESS
    59                           ; INTERRUPTION) HOWSOEVER CAUSED AND ON ANY THEORY OF LIABILITY, WHETHER IN CONTRACT, ST
      +                          RICT
    60                           ; LIABILITY, OR TORT (INCLUDING NEGLIGENCE OR OTHERWISE) ARISING IN ANY WAY OUT OF THE U
      +                          SE OF
    61                           ; THIS SOFTWARE, EVEN IF ADVISED OF THE POSSIBILITY OF SUCH DAMAGE.
    62                           ; 
    63                           ; 
    64                           ; Code-generator required, PIC16F887 Definitions
    65                           ; 
    66                           ; SFR Addresses
    67  0000                     	;# 
    68  0001                     	;# 
    69  0002                     	;# 
    70  0003                     	;# 
    71  0004                     	;# 
    72  0005                     	;# 
    73  0006                     	;# 
    74  0007                     	;# 
    75  0008                     	;# 
    76  0009                     	;# 
    77  000A                     	;# 
    78  000B                     	;# 
    79  000C                     	;# 
    80  000D                     	;# 
    81  000E                     	;# 
    82  000F                     	;# 
    83  0010                     	;# 
    84  0011                     	;# 
    85  0012                     	;# 
    86  0013                     	;# 
    87  0014                     	;# 
    88  0015                     	;# 
    89  0016                     	;# 
    90  0017                     	;# 
    91  0018                     	;# 
    92  0019                     	;# 
    93  001A                     	;# 
    94  001B                     	;# 
    95  001C                     	;# 
    96  001D                     	;# 
    97  001E                     	;# 
    98  001F                     	;# 
    99  0081                     	;# 
   100  0085                     	;# 
   101  0086                     	;# 
   102  0087                     	;# 
   103  0088                     	;# 
   104  0089                     	;# 
   105  008C                     	;# 
   106  008D                     	;# 
   107  008E                     	;# 
   108  008F                     	;# 
   109  0090                     	;# 
   110  0091                     	;# 
   111  0092                     	;# 
   112  0093                     	;# 
   113  0094                     	;# 
   114  0095                     	;# 
   115  0096                     	;# 
   116  0098                     	;# 
   117  0099                     	;# 
   118  009A                     	;# 
   119  009B                     	;# 
   120  009C                     	;# 
   121  009D                     	;# 
   122  009E                     	;# 
   123  009F                     	;# 
   124  0105                     	;# 
   125  0106                     	;# 
   126  0107                     	;# 
   127  0108                     	;# 
   128  0109                     	;# 
   129  010C                     	;# 
   130  010D                     	;# 
   131  010E                     	;# 
   132  010F                     	;# 
   133  0110                     	;# 
   134  0111                     	;# 
   135  0112                     	;# 
   136  0113                     	;# 
   137  0114                     	;# 
   138  0115                     	;# 
   139  0116                     	;# 
   140  0117                     	;# 
   141  0118                     	;# 
   142  0119                     	;# 
   143  011A                     	;# 
   144  011B                     	;# 
   145  011C                     	;# 
   146  011D                     	;# 
   147  011E                     	;# 
   148  011F                     	;# 
   149  0181                     	;# 
   150  0185                     	;# 
   151  0186                     	;# 
   152  0187                     	;# 
   153  0188                     	;# 
   154  0189                     	;# 
   155  018C                     	;# 
   156  018D                     	;# 
   157  018E                     	;# 
   158  018F                     	;# 
   159  0190                     	;# 
   160  0191                     	;# 
   161  0192                     	;# 
   162  0193                     	;# 
   163  0194                     	;# 
   164  0195                     	;# 
   165  0196                     	;# 
   166  0197                     	;# 
   167  0198                     	;# 
   168  0199                     	;# 
   169  019A                     	;# 
   170  019B                     	;# 
   171  019C                     	;# 
   172  019D                     	;# 
   173  019E                     	;# 
   174  019F                     	;# 
   175                           
   176                           	psect	idataBANK0
   177  0000                     __pidataBANK0:	
   178                           
   179                           	psect	strings
   180  0800                     __pstrings:	
   181  0800                     stringtab:	
   182  0800                     __stringtab:	
   183  0800                     stringcode:	
   184                           ;	String table - string pointers are 1 byte each
   185                           
   186  0800                     stringdir:	
   187  0800  3008               	movlw	high stringdir
   188  0801  008A               	movwf	10
   189  0802  0804               	movf	4,w
   190  0803  0A84               	incf	4,f
   191  0804  0782               	addwf	2,f
   192  0805                     __stringbase:	
   193  0805  3400               	retlw	0
   194  0806                     __end_of__stringtab:	
   195  0806                     _s_adcChannels:	
   196  0806  3400               	retlw	0
   197  0807  3401               	retlw	1
   198  0808  340B               	retlw	11
   199  0809  340A               	retlw	10
   200  080A  3403               	retlw	3
   201  080B  3402               	retlw	2
   202  080C  3417               	retlw	23
   203  080D  3419               	retlw	25
   204  080E  3408               	retlw	8
   205  080F  3409               	retlw	9
   206  0810  3418               	retlw	24
   207  0811  3416               	retlw	22
   208  0812                     __end_of_s_adcChannels:	
   209  0812                     _s_slotPins:	
   210  0812  3485               	retlw	133
   211  0813  3400               	retlw	0
   212  0814  3486               	retlw	134
   213  0815  3400               	retlw	0
   214  0816  3401               	retlw	1
   215  0817  3493               	retlw	147
   216  0818  3401               	retlw	1
   217  0819  3485               	retlw	133
   218  081A  3400               	retlw	0
   219  081B  3486               	retlw	134
   220  081C  3400               	retlw	0
   221  081D  3402               	retlw	2
   222  081E  3493               	retlw	147
   223  081F  3402               	retlw	2
   224  0820  3405               	retlw	5
   225  0821  3400               	retlw	0
   226  0822  3406               	retlw	6
   227  0823  3400               	retlw	0
   228  0824  3408               	retlw	8
   229  0825  3494               	retlw	148
   230  0826  3408               	retlw	8
   231  0827  3405               	retlw	5
   232  0828  3400               	retlw	0
   233  0829  3406               	retlw	6
   234  082A  3400               	retlw	0
   235  082B  3404               	retlw	4
   236  082C  3494               	retlw	148
   237  082D  3404               	retlw	4
   238  082E  3485               	retlw	133
   239  082F  3400               	retlw	0
   240  0830  3486               	retlw	134
   241  0831  3400               	retlw	0
   242  0832  3408               	retlw	8
   243  0833  3493               	retlw	147
   244  0834  3408               	retlw	8
   245  0835  3485               	retlw	133
   246  0836  3400               	retlw	0
   247  0837  3486               	retlw	134
   248  0838  3400               	retlw	0
   249  0839  3404               	retlw	4
   250  083A  3493               	retlw	147
   251  083B  3404               	retlw	4
   252  083C  3414               	retlw	20
   253  083D  3401               	retlw	1
   254  083E  3407               	retlw	7
   255  083F  3401               	retlw	1
   256  0840  3402               	retlw	2
   257  0841  348C               	retlw	140
   258  0842  3402               	retlw	2
   259  0843  3414               	retlw	20
   260  0844  3401               	retlw	1
   261  0845  3407               	retlw	7
   262  0846  3401               	retlw	1
   263  0847  3408               	retlw	8
   264  0848  348C               	retlw	140
   265  0849  3408               	retlw	8
   266  084A  3405               	retlw	5
   267  084B  3400               	retlw	0
   268  084C  3406               	retlw	6
   269  084D  3400               	retlw	0
   270  084E  3401               	retlw	1
   271  084F  3494               	retlw	148
   272  0850  3401               	retlw	1
   273  0851  3405               	retlw	5
   274  0852  3400               	retlw	0
   275  0853  3406               	retlw	6
   276  0854  3400               	retlw	0
   277  0855  3402               	retlw	2
   278  0856  3494               	retlw	148
   279  0857  3402               	retlw	2
   280  0858  3414               	retlw	20
   281  0859  3401               	retlw	1
   282  085A  3407               	retlw	7
   283  085B  3401               	retlw	1
   284  085C  3404               	retlw	4
   285  085D  348C               	retlw	140
   286  085E  3404               	retlw	4
   287  085F  3414               	retlw	20
   288  0860  3401               	retlw	1
   289  0861  3407               	retlw	7
   290  0862  3401               	retlw	1
   291  0863  3401               	retlw	1
   292  0864  348C               	retlw	140
   293  0865  3401               	retlw	1
   294  0866                     __end_of_s_slotPins:	
   295  0014                     _OSCCON	set	20
   296  0009                     _IOCB	set	9
   297  0008                     _WPUB	set	8
   298  0007                     _WPDB	set	7
   299  0001                     _OPTION_REG	set	1
   300  0006                     _PORTB	set	6
   301  0005                     _TRISB	set	5
   302  0031                     _RB1	set	49
   303  0030                     _RB0	set	48
   304  0032                     _RB2	set	50
   305  0033                     _RB3	set	51
   306  0037                     _RB7	set	55
   307  0036                     _RB6	set	54
   308  005F                     _GIE	set	95
   309  005E                     _PEIE	set	94
   310  005D                     _T0IE	set	93
   311  005A                     _T0IF	set	90
   312  0099                     _ADRESH	set	153
   313  0098                     _ADRESL	set	152
   314  0096                     _ADCON1	set	150
   315  0095                     _ADCON0	set	149
   316  0089                     _IOCA	set	137
   317  0088                     _WPUA	set	136
   318  0087                     _WPDA	set	135
   319  0081                     _TMR0	set	129
   320  0094                     _ANSEL1	set	148
   321  0093                     _ANSEL0	set	147
   322  008C                     _ANSEL3	set	140
   323  0086                     _PORTA	set	134
   324  0085                     _TRISA	set	133
   325  0432                     _RA2	set	1074
   326  0433                     _RA3	set	1075
   327  0431                     _RA1	set	1073
   328  0430                     _RA0	set	1072
   329  04A9                     _GODONE	set	1193
   330  04B6                     _CHS4	set	1206
   331  04B2                     _LDO_EN	set	1202
   332  0115                     _WPUD	set	277
   333  0109                     _ANSEL2	set	265
   334  0108                     _WPUC	set	264
   335  0106                     _PORTC	set	262
   336  0105                     _TRISC	set	261
   337  0114                     _TRISD	set	276
   338  0107                     _PORTD	set	263
   339  0838                     _RD0	set	2104
   340  083A                     _RD2	set	2106
   341  083B                     _RD3	set	2107
   342  0839                     _RD1	set	2105
   343  0878                     _RC1IF	set	2168
   344  0830                     _RC0	set	2096
   345  0834                     _RC4	set	2100
   346  0835                     _RC5	set	2101
   347  0832                     _RC2	set	2098
   348  0833                     _RC3	set	2099
   349  0880                     _RC1IE	set	2176
   350  0196                     _CC1CON	set	406
   351  0195                     _CC0CON	set	405
   352  0189                     _SPBRG1	set	393
   353  0188                     _RCREG1	set	392
   354  0187                     _TXREG1	set	391
   355  0186                     _RCSTA1	set	390
   356  0185                     _TXSTA1	set	389
   357  0C29                     _TRMT1	set	3113
   358  0866                     STR_1:	
   359  0866  3473               	retlw	115	;'s'
   360  0867  3474               	retlw	116	;'t'
   361  0868  3461               	retlw	97	;'a'
   362  0869  3472               	retlw	114	;'r'
   363  086A  3474               	retlw	116	;'t'
   364  086B  342E               	retlw	46	;'.'
   365  086C  342E               	retlw	46	;'.'
   366  086D  342E               	retlw	46	;'.'
   367  086E  340D               	retlw	13
   368  086F  340A               	retlw	10
   369  0870  3400               	retlw	0
   370  0871                     STR_3:	
   371  0871  3443               	retlw	67	;'C'
   372  0872  3420               	retlw	32	;' '
   373  0873  3456               	retlw	86	;'V'
   374  0874  3444               	retlw	68	;'D'
   375  0875  3444               	retlw	68	;'D'
   376  0876  343A               	retlw	58	;':'
   377  0877  3400               	retlw	0
   378  0878                     STR_10:	
   379  0878  3420               	retlw	32	;' '
   380  0879  3446               	retlw	70	;'F'
   381  087A  3455               	retlw	85	;'U'
   382  087B  344C               	retlw	76	;'L'
   383  087C  344C               	retlw	76	;'L'
   384  087D  3400               	retlw	0
   385  087E                     STR_4:	
   386  087E  346D               	retlw	109	;'m'
   387  087F  3456               	retlw	86	;'V'
   388  0880  340D               	retlw	13
   389  0881  340A               	retlw	10
   390  0882  3400               	retlw	0
   391  0883                     STR_11:	
   392  0883  3420               	retlw	32	;' '
   393  0884  3443               	retlw	67	;'C'
   394  0885  3448               	retlw	72	;'H'
   395  0886  3447               	retlw	71	;'G'
   396  0887  3400               	retlw	0
   397  0888                     STR_9:	
   398  0888  3420               	retlw	32	;' '
   399  0889  3445               	retlw	69	;'E'
   400  088A  3452               	retlw	82	;'R'
   401  088B  3452               	retlw	82	;'R'
   402  088C  3400               	retlw	0
   403  088D                     STR_7:	
   404  088D  3420               	retlw	32	;' '
   405  088E  3453               	retlw	83	;'S'
   406  088F  343D               	retlw	61	;'='
   407  0890  3400               	retlw	0
   408  0891                     STR_8:	
   409  0891  3420               	retlw	32	;' '
   410  0892  3454               	retlw	84	;'T'
   411  0893  343D               	retlw	61	;'='
   412  0894  3400               	retlw	0
   413  0895                     STR_6:	
   414  0895  343A               	retlw	58	;':'
   415  0896  3456               	retlw	86	;'V'
   416  0897  343D               	retlw	61	;'='
   417  0898  3400               	retlw	0
   418  0899                     STR_2:	
   419  0899  3454               	retlw	84	;'T'
   420  089A  343A               	retlw	58	;':'
   421  089B  3400               	retlw	0
   422  089C                     STR_5:	
   423  089C  3442               	retlw	66	;'B'
   424  089D  3400               	retlw	0
   425  086E                     
   426                           	psect	cinit
   427  0015                     start_initialization:	
   428                           ; #config settings
   429                           
   430  0015                     __initialization:	
   431                           
   432                           ;initializer for _g_temperature
   433  0015  3019               	movlw	25
   434  0016  00DA               	movwf	__pdataBANK0& (0+127)
   435  0017  30A0               	movlw	low __pbssBANK3
   436                           
   437                           ; Clear objects allocated to BANK3
   438  0018  1783               	bsf	3,7	;select IRP bank2
   439  0019  0084               	movwf	4
   440  001A  30E8               	movlw	low (__pbssBANK3+72)
   441  001B  120A  118A  27ED  120A  118A  	fcall	clear_ram0
   442                           
   443                           ; Clear objects allocated to BANK2
   444  0020  3020               	movlw	low __pbssBANK2
   445  0021  0084               	movwf	4
   446  0022  3068               	movlw	low (__pbssBANK2+72)
   447  0023  120A  118A  27ED  120A  118A  	fcall	clear_ram0
   448                           
   449                           ; Clear objects allocated to BANK1
   450  0028  1683               	bsf	3,5	;RP0=1, select bank1
   451  0029  3043               	movlw	low __pbssBANK0
   452  002A  01AE               	clrf	__pbssBANK1& (0+127)
   453  002B  01AF               	clrf	(__pbssBANK1+1)& (0+127)
   454                           
   455                           ; Clear objects allocated to BANK0
   456  002C  1383               	bcf	3,7	;select IRP bank0
   457  002D  0084               	movwf	4
   458  002E  3059               	movlw	low (__pbssBANK0+22)
   459  002F  120A  118A  27ED   	fcall	clear_ram0
   460                           
   461                           ; Clear objects allocated to BITBANK0
   462  0032  1283               	bcf	3,5	;RP0=0, select bank0
   463  0033  01D9               	clrf	(__pbitbssBANK0/(0+8))& (0+127)
   464  0034                     end_of_initialization:	
   465                           ;End of C runtime variable initialization code
   466                           
   467  0034                     __end_of__initialization:	
   468  0034  0183               	clrf	3
   469  0035  120A  158A  2C18   	ljmp	_main	;jump to C main() function
   470                           
   471                           	psect	bitbssBANK0
   472  02C8                     __pbitbssBANK0:	
   473  02C8                     _RXOK_f:	
   474  02C8                     	ds	1
   475                           
   476                           	psect	bssBANK0
   477  0043                     __pbssBANK0:	
   478  0043                     _RxTable:	
   479  0043                     	ds	10
   480  004D                     _g_systemTick:	
   481  004D                     	ds	2
   482  004F                     _power_ad:	
   483  004F                     	ds	2
   484  0051                     Interrupt_Isr@RxNum:	
   485  0051                     	ds	1
   486  0052                     _g_powerOnPhase:	
   487  0052                     	ds	1
   488  0053                     _g_scanPhase:	
   489  0053                     	ds	1
   490  0054                     _g_scanIndex:	
   491  0054                     	ds	1
   492  0055                     _test_adc:	
   493  0055                     	ds	1
   494  0056                     _g_tempProtect:	
   495  0056                     	ds	1
   496  0057                     _adresult:	
   497  0057                     	ds	2
   498                           
   499                           	psect	dataBANK0
   500  005A                     __pdataBANK0:	
   501  005A                     _g_temperature:	
   502  005A                     	ds	1
   503                           
   504                           	psect	bssBANK1
   505  00AE                     __pbssBANK1:	
   506  00AE                     _g_powerOnTimer:	
   507  00AE                     	ds	2
   508                           
   509                           	psect	bssBANK3
   510  01A0                     __pbssBANK3:	
   511  01A0                     _g_slot0:	
   512  01A0                     	ds	72
   513                           
   514                           	psect	bssBANK2
   515  0120                     __pbssBANK2:	
   516  0120                     _g_slot1:	
   517  0120                     	ds	72
   518                           
   519                           	psect	clrtext
   520  07ED                     clear_ram0:	
   521                           ;	Called with FSR containing the base address, and
   522                           ;	W with the last address+1
   523                           
   524  07ED  0064               	clrwdt	;clear the watchdog before getting into this loop
   525  07EE                     clrloop0:	
   526  07EE  0180               	clrf	0	;clear RAM location pointed to by FSR
   527  07EF  0A84               	incf	4,f	;increment pointer
   528  07F0  0604               	xorwf	4,w	;XOR with final address
   529  07F1  1903               	btfsc	3,2	;have we reached the end yet?
   530  07F2  3400               	retlw	0	;all done for this memory range, return
   531  07F3  0604               	xorwf	4,w	;XOR again to restore value
   532  07F4  2FEE               	goto	clrloop0	;do the next byte
   533                           
   534                           	psect	cstackBANK1
   535  00A0                     __pcstackBANK1:	
   536  00A0                     ??_uart_send_char:	
   537  00A0                     ?___bmul:	
   538                           ; 1 bytes @ 0x0
   539                           
   540  00A0                     uart_send_char@c:	
   541                           ; 1 bytes @ 0x0
   542                           
   543  00A0                     ___bmul@multiplicand:	
   544                           ; 1 bytes @ 0x0
   545                           
   546                           
   547                           ; 1 bytes @ 0x0
   548  00A0                     	ds	1
   549  00A1                     ??_uart_send_string:	
   550  00A1                     ??___bmul:	
   551                           ; 1 bytes @ 0x1
   552                           
   553  00A1                     uart_send_string@str:	
   554                           ; 1 bytes @ 0x1
   555                           
   556  00A1                     ___bmul@product:	
   557                           ; 1 bytes @ 0x1
   558                           
   559                           
   560                           ; 1 bytes @ 0x1
   561  00A1                     	ds	1
   562  00A2                     ___bmul@multiplier:	
   563                           
   564                           ; 1 bytes @ 0x2
   565  00A2                     	ds	1
   566  00A3                     ??_System_Init:	
   567  00A3                     _System_Init$274:	
   568                           ; 1 bytes @ 0x3
   569                           
   570                           
   571                           ; 1 bytes @ 0x3
   572  00A3                     	ds	1
   573  00A4                     _System_Init$285:	
   574                           
   575                           ; 1 bytes @ 0x4
   576  00A4                     	ds	1
   577  00A5                     _System_Init$296:	
   578                           
   579                           ; 1 bytes @ 0x5
   580  00A5                     	ds	1
   581  00A6                     _System_Init$307:	
   582                           
   583                           ; 1 bytes @ 0x6
   584  00A6                     	ds	1
   585  00A7                     _System_Init$318:	
   586                           
   587                           ; 1 bytes @ 0x7
   588  00A7                     	ds	1
   589  00A8                     _System_Init$329:	
   590                           
   591                           ; 1 bytes @ 0x8
   592  00A8                     	ds	1
   593  00A9                     _System_Init$340:	
   594                           
   595                           ; 1 bytes @ 0x9
   596  00A9                     	ds	1
   597  00AA                     _System_Init$351:	
   598                           
   599                           ; 1 bytes @ 0xA
   600  00AA                     	ds	1
   601  00AB                     _System_Init$362:	
   602                           
   603                           ; 1 bytes @ 0xB
   604  00AB                     	ds	1
   605  00AC                     System_Init@i:	
   606                           
   607                           ; 1 bytes @ 0xC
   608  00AC                     	ds	1
   609  00AD                     ??_main:	
   610  00AD                     main@i:	
   611                           ; 1 bytes @ 0xD
   612                           
   613                           
   614                           ; 1 bytes @ 0xD
   615  00AD                     	ds	1
   616                           
   617                           	psect	cstackCOMMON
   618  0070                     __pcstackCOMMON:	
   619  0070                     ?_uart_send_string:	
   620  0070                     ?_PowerOnLedSequence:	
   621                           ; 1 bytes @ 0x0
   622                           
   623  0070                     ??_PowerOnLedSequence:	
   624                           ; 1 bytes @ 0x0
   625                           
   626  0070                     ?_ChargeProcess_Slot:	
   627                           ; 1 bytes @ 0x0
   628                           
   629  0070                     ?_Update_LED_Slot:	
   630                           ; 1 bytes @ 0x0
   631                           
   632  0070                     ?_Read_Temperature:	
   633                           ; 1 bytes @ 0x0
   634                           
   635  0070                     ?_Led_BlinkProcess:	
   636                           ; 1 bytes @ 0x0
   637                           
   638  0070                     ?_Charging_Control:	
   639                           ; 1 bytes @ 0x0
   640                           
   641  0070                     ?_ADC_Sample:	
   642                           ; 1 bytes @ 0x0
   643                           
   644  0070                     ?_Print_Status:	
   645                           ; 1 bytes @ 0x0
   646                           
   647  0070                     ?_SlotPin_ToAnalog:	
   648                           ; 1 bytes @ 0x0
   649                           
   650  0070                     ?_SlotPin_ToDigital:	
   651                           ; 1 bytes @ 0x0
   652                           
   653  0070                     ?_System_Init:	
   654                           ; 1 bytes @ 0x0
   655                           
   656  0070                     ?_main:	
   657                           ; 1 bytes @ 0x0
   658                           
   659  0070                     ?_Interrupt_Isr:	
   660                           ; 1 bytes @ 0x0
   661                           
   662  0070                     ?_Detect_BatteryType:	
   663                           ; 1 bytes @ 0x0
   664                           
   665  0070                     ?_uart_send_char:	
   666                           ; 1 bytes @ 0x0
   667                           
   668  0070                     ?i1_uart_send_char:	
   669                           ; 1 bytes @ 0x0
   670                           
   671  0070                     ??i1_uart_send_char:	
   672                           ; 1 bytes @ 0x0
   673                           
   674  0070                     ?i1_uart_send_string:	
   675                           ; 1 bytes @ 0x0
   676                           
   677  0070                     ?i1___bmul:	
   678                           ; 1 bytes @ 0x0
   679                           
   680  0070                     ?___lwdiv:	
   681                           ; 1 bytes @ 0x0
   682                           
   683  0070                     ?___lwmod:	
   684                           ; 2 bytes @ 0x0
   685                           
   686  0070                     ?___ftpack:	
   687                           ; 2 bytes @ 0x0
   688                           
   689  0070                     ?___lmul:	
   690                           ; 3 bytes @ 0x0
   691                           
   692  0070                     ADC_Sample@adldo:	
   693                           ; 4 bytes @ 0x0
   694                           
   695  0070                     i1uart_send_char@c:	
   696                           ; 1 bytes @ 0x0
   697                           
   698  0070                     i1___bmul@multiplicand:	
   699                           ; 1 bytes @ 0x0
   700                           
   701  0070                     Detect_BatteryType@voltage:	
   702                           ; 1 bytes @ 0x0
   703                           
   704  0070                     ___lwdiv@divisor:	
   705                           ; 2 bytes @ 0x0
   706                           
   707  0070                     ___lwmod@divisor:	
   708                           ; 2 bytes @ 0x0
   709                           
   710  0070                     ___ftpack@arg:	
   711                           ; 2 bytes @ 0x0
   712                           
   713  0070                     ___lmul@multiplier:	
   714                           ; 3 bytes @ 0x0
   715                           
   716                           
   717                           ; 4 bytes @ 0x0
   718  0070                     	ds	1
   719  0071                     ??_ADC_Sample:	
   720  0071                     ??i1_uart_send_string:	
   721                           ; 1 bytes @ 0x1
   722                           
   723  0071                     ??i1___bmul:	
   724                           ; 1 bytes @ 0x1
   725                           
   726  0071                     i1uart_send_string@str:	
   727                           ; 1 bytes @ 0x1
   728                           
   729  0071                     i1___bmul@multiplier:	
   730                           ; 1 bytes @ 0x1
   731                           
   732                           
   733                           ; 1 bytes @ 0x1
   734  0071                     	ds	1
   735  0072                     ??_Detect_BatteryType:	
   736  0072                     i1___bmul@product:	
   737                           ; 1 bytes @ 0x2
   738                           
   739  0072                     ___lwdiv@dividend:	
   740                           ; 1 bytes @ 0x2
   741                           
   742  0072                     ___lwmod@dividend:	
   743                           ; 2 bytes @ 0x2
   744                           
   745                           
   746                           ; 2 bytes @ 0x2
   747  0072                     	ds	1
   748  0073                     ??_ChargeProcess_Slot:	
   749  0073                     ??_Update_LED_Slot:	
   750                           ; 1 bytes @ 0x3
   751                           
   752  0073                     ??_Led_BlinkProcess:	
   753                           ; 1 bytes @ 0x3
   754                           
   755  0073                     ??_Charging_Control:	
   756                           ; 1 bytes @ 0x3
   757                           
   758  0073                     ??_SlotPin_ToAnalog:	
   759                           ; 1 bytes @ 0x3
   760                           
   761  0073                     ??_SlotPin_ToDigital:	
   762                           ; 1 bytes @ 0x3
   763                           
   764  0073                     _Charging_Control$449:	
   765                           ; 1 bytes @ 0x3
   766                           
   767  0073                     Update_LED_Slot@idx:	
   768                           ; 1 bytes @ 0x3
   769                           
   770  0073                     ___ftpack@exp:	
   771                           ; 1 bytes @ 0x3
   772                           
   773                           
   774                           ; 1 bytes @ 0x3
   775  0073                     	ds	1
   776  0074                     ??___lwdiv:	
   777  0074                     ??___lwmod:	
   778                           ; 1 bytes @ 0x4
   779                           
   780  0074                     Charging_Control@chargeB1_6:	
   781                           ; 1 bytes @ 0x4
   782                           
   783  0074                     Update_LED_Slot@p:	
   784                           ; 1 bytes @ 0x4
   785                           
   786  0074                     ___ftpack@sign:	
   787                           ; 1 bytes @ 0x4
   788                           
   789  0074                     ___lwmod@counter:	
   790                           ; 1 bytes @ 0x4
   791                           
   792  0074                     ___lwdiv@quotient:	
   793                           ; 1 bytes @ 0x4
   794                           
   795  0074                     ___lmul@multiplicand:	
   796                           ; 2 bytes @ 0x4
   797                           
   798                           
   799                           ; 4 bytes @ 0x4
   800  0074                     	ds	1
   801  0075                     ??___ftpack:	
   802  0075                     ?_ADC_ReadChannel:	
   803                           ; 1 bytes @ 0x5
   804                           
   805  0075                     ChargeProcess_Slot@idx:	
   806                           ; 2 bytes @ 0x5
   807                           
   808  0075                     Charging_Control@chargeB7_12:	
   809                           ; 1 bytes @ 0x5
   810                           
   811  0075                     _Led_BlinkProcess$475:	
   812                           ; 1 bytes @ 0x5
   813                           
   814                           
   815                           ; 1 bytes @ 0x5
   816  0075                     	ds	1
   817  0076                     SlotPin_ToAnalog@idx:	
   818  0076                     SlotPin_ToDigital@idx:	
   819                           ; 1 bytes @ 0x6
   820                           
   821  0076                     Charging_Control@s:	
   822                           ; 1 bytes @ 0x6
   823                           
   824  0076                     _Led_BlinkProcess$486:	
   825                           ; 1 bytes @ 0x6
   826                           
   827  0076                     ___lwdiv@counter:	
   828                           ; 1 bytes @ 0x6
   829                           
   830                           
   831                           ; 1 bytes @ 0x6
   832  0076                     	ds	1
   833  0077                     ??_ADC_ReadChannel:	
   834  0077                     ?_uart_send_number:	
   835                           ; 1 bytes @ 0x7
   836                           
   837  0077                     SlotPin_ToAnalog@cfg:	
   838                           ; 1 bytes @ 0x7
   839                           
   840  0077                     SlotPin_ToDigital@cfg:	
   841                           ; 1 bytes @ 0x7
   842                           
   843  0077                     Charging_Control@i:	
   844                           ; 1 bytes @ 0x7
   845                           
   846  0077                     _Led_BlinkProcess$497:	
   847                           ; 1 bytes @ 0x7
   848                           
   849  0077                     uart_send_number@num:	
   850                           ; 1 bytes @ 0x7
   851                           
   852                           
   853                           ; 2 bytes @ 0x7
   854  0077                     	ds	1
   855  0078                     ??___lmul:	
   856  0078                     ?___lwtoft:	
   857                           ; 1 bytes @ 0x8
   858                           
   859  0078                     ADC_ReadChannel@ch:	
   860                           ; 3 bytes @ 0x8
   861                           
   862  0078                     _Led_BlinkProcess$508:	
   863                           ; 1 bytes @ 0x8
   864                           
   865  0078                     ChargeProcess_Slot@v:	
   866                           ; 1 bytes @ 0x8
   867                           
   868  0078                     ___lwtoft@c:	
   869                           ; 2 bytes @ 0x8
   870                           
   871  0078                     ___lmul@product:	
   872                           ; 2 bytes @ 0x8
   873                           
   874                           
   875                           ; 4 bytes @ 0x8
   876  0078                     	ds	1
   877  0079                     ??_Print_Status:	
   878  0079                     ??_uart_send_number:	
   879                           ; 1 bytes @ 0x9
   880                           
   881  0079                     _Led_BlinkProcess$519:	
   882                           ; 1 bytes @ 0x9
   883                           
   884                           
   885                           ; 1 bytes @ 0x9
   886  0079                     	ds	1
   887  007A                     ChargeProcess_Slot@p:	
   888  007A                     Led_BlinkProcess@i:	
   889                           ; 1 bytes @ 0xA
   890                           
   891                           
   892                           ; 1 bytes @ 0xA
   893  007A                     	ds	1
   894  007B                     ??___ftdiv:	
   895  007B                     ??___lwtoft:	
   896                           ; 1 bytes @ 0xB
   897                           
   898                           
   899                           ; 1 bytes @ 0xB
   900  007B                     	ds	1
   901  007C                     ??___lldiv:	
   902                           
   903                           ; 1 bytes @ 0xC
   904  007C                     	ds	2
   905                           
   906                           	psect	cstackBANK0
   907  0020                     __pcstackBANK0:	
   908  0020                     ?___ftdiv:	
   909  0020                     ?___lldiv:	
   910                           ; 3 bytes @ 0x0
   911                           
   912  0020                     ADC_Sample@j:	
   913                           ; 4 bytes @ 0x0
   914                           
   915  0020                     ___ftdiv@f2:	
   916                           ; 1 bytes @ 0x0
   917                           
   918  0020                     ___lldiv@divisor:	
   919                           ; 3 bytes @ 0x0
   920                           
   921  0020                     uart_send_number@buf:	
   922                           ; 4 bytes @ 0x0
   923                           
   924                           
   925                           ; 6 bytes @ 0x0
   926  0020                     	ds	1
   927  0021                     ADC_Sample@adch:	
   928                           
   929                           ; 1 bytes @ 0x1
   930  0021                     	ds	1
   931  0022                     ADC_Sample@i:	
   932                           
   933                           ; 1 bytes @ 0x2
   934  0022                     	ds	1
   935  0023                     ___ftdiv@f1:	
   936  0023                     ADC_Sample@adsum:	
   937                           ; 3 bytes @ 0x3
   938                           
   939                           
   940                           ; 4 bytes @ 0x3
   941  0023                     	ds	1
   942  0024                     ___lldiv@dividend:	
   943                           
   944                           ; 4 bytes @ 0x4
   945  0024                     	ds	2
   946  0026                     uart_send_number@i:	
   947  0026                     ___ftdiv@cntr:	
   948                           ; 1 bytes @ 0x6
   949                           
   950                           
   951                           ; 1 bytes @ 0x6
   952  0026                     	ds	1
   953  0027                     uart_send_number@j:	
   954  0027                     ADC_Sample@admin:	
   955                           ; 1 bytes @ 0x7
   956                           
   957  0027                     ___ftdiv@f3:	
   958                           ; 2 bytes @ 0x7
   959                           
   960                           
   961                           ; 3 bytes @ 0x7
   962  0027                     	ds	1
   963  0028                     _Print_Status$551:	
   964  0028                     ___lldiv@quotient:	
   965                           ; 1 bytes @ 0x8
   966                           
   967                           
   968                           ; 4 bytes @ 0x8
   969  0028                     	ds	1
   970  0029                     _Print_Status$563:	
   971  0029                     ADC_Sample@admax:	
   972                           ; 1 bytes @ 0x9
   973                           
   974                           
   975                           ; 2 bytes @ 0x9
   976  0029                     	ds	1
   977  002A                     _Print_Status$575:	
   978  002A                     ___ftdiv@exp:	
   979                           ; 1 bytes @ 0xA
   980                           
   981                           
   982                           ; 1 bytes @ 0xA
   983  002A                     	ds	1
   984  002B                     _Print_Status$586:	
   985  002B                     ___ftdiv@sign:	
   986                           ; 1 bytes @ 0xB
   987                           
   988  002B                     ADC_Sample@ad_temp:	
   989                           ; 1 bytes @ 0xB
   990                           
   991                           
   992                           ; 2 bytes @ 0xB
   993  002B                     	ds	1
   994  002C                     ?___fttol:	
   995  002C                     _Print_Status$598:	
   996                           ; 4 bytes @ 0xC
   997                           
   998  002C                     ___lldiv@counter:	
   999                           ; 1 bytes @ 0xC
  1000                           
  1001  002C                     ___fttol@f1:	
  1002                           ; 1 bytes @ 0xC
  1003                           
  1004                           
  1005                           ; 3 bytes @ 0xC
  1006  002C                     	ds	1
  1007  002D                     ??_Read_Temperature:	
  1008  002D                     _Print_Status$620:	
  1009                           ; 1 bytes @ 0xD
  1010                           
  1011                           
  1012                           ; 1 bytes @ 0xD
  1013  002D                     	ds	1
  1014  002E                     _Print_Status$621:	
  1015                           
  1016                           ; 1 bytes @ 0xE
  1017  002E                     	ds	1
  1018  002F                     Print_Status@i:	
  1019                           
  1020                           ; 1 bytes @ 0xF
  1021  002F                     	ds	1
  1022  0030                     ??___fttol:	
  1023                           
  1024                           ; 1 bytes @ 0x10
  1025  0030                     	ds	1
  1026  0031                     Read_Temperature@ntcVal:	
  1027                           
  1028                           ; 2 bytes @ 0x11
  1029  0031                     	ds	2
  1030  0033                     Read_Temperature@temp:	
  1031  0033                     ___fttol@sign1:	
  1032                           ; 1 bytes @ 0x13
  1033                           
  1034                           
  1035                           ; 1 bytes @ 0x13
  1036  0033                     	ds	1
  1037  0034                     Read_Temperature@ntcR:	
  1038  0034                     ___fttol@lval:	
  1039                           ; 2 bytes @ 0x14
  1040                           
  1041                           
  1042                           ; 4 bytes @ 0x14
  1043  0034                     	ds	4
  1044  0038                     ___fttol@exp1:	
  1045                           
  1046                           ; 1 bytes @ 0x18
  1047  0038                     	ds	1
  1048  0039                     ??_Interrupt_Isr:	
  1049                           
  1050                           ; 1 bytes @ 0x19
  1051  0039                     	ds	5
  1052  003E                     _Interrupt_Isr$388:	
  1053                           
  1054                           ; 1 bytes @ 0x1E
  1055  003E                     	ds	1
  1056  003F                     Interrupt_Isr@power_temp:	
  1057                           
  1058                           ; 4 bytes @ 0x1F
  1059  003F                     	ds	4
  1060                           
  1061                           	psect	maintext
  1062  0C18                     __pmaintext:	
  1063 ;;
  1064 ;;Main: autosize = 0, tempsize = 0, incstack = 0, save=0
  1065 ;;
  1066 ;; *************** function _main *****************
  1067 ;; Defined at:
  1068 ;;		line 243 in file "E:\1.workspace\7.other\17.charge_demo\charge_demo\06-release\SC8F096_Timer_Demo\main.c"
  1069 ;; Parameters:    Size  Location     Type
  1070 ;;		None
  1071 ;; Auto vars:     Size  Location     Type
  1072 ;;  i               1   13[BANK1 ] unsigned char 
  1073 ;; Return value:  Size  Location     Type
  1074 ;;                  1    wreg      void 
  1075 ;; Registers used:
  1076 ;;		wreg, fsr0l, fsr0h, status,2, status,0, pclath, cstack
  1077 ;; Tracked objects:
  1078 ;;		On entry : B00/0
  1079 ;;		On exit  : B00/0
  1080 ;;		Unchanged: 0/0
  1081 ;; Data sizes:     COMMON   BANK0   BANK1   BANK3   BANK2
  1082 ;;      Params:         0       0       0       0       0
  1083 ;;      Locals:         0       0       1       0       0
  1084 ;;      Temps:          0       0       0       0       0
  1085 ;;      Totals:         0       0       1       0       0
  1086 ;;Total ram usage:        1 bytes
  1087 ;; Hardware stack levels required when called:    6
  1088 ;; This function calls:
  1089 ;;		_System_Init
  1090 ;;		_uart_send_string
  1091 ;; This function is called by:
  1092 ;;		Startup code after reset
  1093 ;; This function uses a non-reentrant model
  1094 ;;
  1095                           
  1096                           
  1097                           ;psect for function _main
  1098  0C18                     _main:	
  1099                           
  1100                           ;main.c: 245: System_Init();
  1101                           
  1102                           ;incstack = 0
  1103                           ; Regs used in _main: [wreg-fsr0h+status,2+status,0+pclath+cstack]
  1104  0C18  120A  158A  26E5  120A  158A  	fcall	_System_Init
  1105                           
  1106                           ;main.c: 252: uart_send_string("start...\r\n");
  1107  0C1D  3061               	movlw	(low ((STR_1-__stringbase)| (0+32768)))& (0+255)
  1108  0C1E  120A  158A  23F6  120A  158A  	fcall	_uart_send_string
  1109  0C23                     l382:	
  1110                           ;main.c: 254: while(1)
  1111                           
  1112  0C23  0064               	clrwdt	;# 
  1113                           
  1114                           ;main.c: 259: if(RXOK_f == 1)
  1115  0C24  1283               	bcf	3,5	;RP0=0, select bank0
  1116  0C25  1303               	bcf	3,6	;RP1=0, select bank0
  1117  0C26  1C59               	btfss	_RXOK_f/(0+8),_RXOK_f& (0+7)
  1118  0C27  2C23               	goto	l382
  1119                           
  1120                           ;main.c: 260: {
  1121                           ;main.c: 262: unsigned char i;
  1122                           ;main.c: 263: for(i = 0; i < 10; i++)
  1123  0C28  1683               	bsf	3,5	;RP0=1, select bank1
  1124  0C29  01AD               	clrf	main@i^(0+128)
  1125  0C2A                     l386:	
  1126  0C2A  1703               	bsf	3,6	;RP1=1, select bank3
  1127  0C2B  1C85               	btfss	5,1	;volatile
  1128  0C2C  2C2A               	goto	l386
  1129                           
  1130                           ;main.c: 266: TXREG1 = RxTable[i];
  1131  0C2D  1303               	bcf	3,6	;RP1=0, select bank1
  1132  0C2E  082D               	movf	main@i^(0+128),w
  1133  0C2F  3E43               	addlw	(low (_RxTable| 0))& (0+255)
  1134  0C30  0084               	movwf	4
  1135  0C31  1383               	bcf	3,7	;select IRP bank0
  1136  0C32  0800               	movf	0,w
  1137  0C33  1703               	bsf	3,6	;RP1=1, select bank3
  1138  0C34  0087               	movwf	7	;volatile
  1139  0C35  1303               	bcf	3,6	;RP1=0, select bank1
  1140  0C36  300A               	movlw	10
  1141  0C37  0AAD               	incf	main@i^(0+128),f
  1142  0C38  022D               	subwf	main@i^(0+128),w
  1143  0C39  1C03               	skipc
  1144  0C3A  2C2A               	goto	l386
  1145                           
  1146                           ;main.c: 267: }
  1147                           ;main.c: 269: RXOK_f = 0;
  1148  0C3B  1283               	bcf	3,5	;RP0=0, select bank0
  1149  0C3C  1059               	bcf	_RXOK_f/(0+8),_RXOK_f& (0+7)
  1150  0C3D  2C23               	goto	l382
  1151  0C3E                     __end_of_main:	
  1152                           
  1153                           	psect	text1
  1154  0BF6                     __ptext1:	
  1155 ;; *************** function _uart_send_string *****************
  1156 ;; Defined at:
  1157 ;;		line 40 in file "E:\1.workspace\7.other\17.charge_demo\charge_demo\06-release\SC8F096_Timer_Demo\uart_dbg.c"
  1158 ;; Parameters:    Size  Location     Type
  1159 ;;  str             1    wreg     PTR const unsigned char 
  1160 ;;		 -> STR_12(3), STR_11(5), STR_10(6), STR_9(5), 
  1161 ;;		 -> STR_8(4), STR_7(4), STR_6(4), STR_5(2), 
  1162 ;;		 -> STR_4(5), STR_3(7), STR_2(3), STR_1(11), 
  1163 ;; Auto vars:     Size  Location     Type
  1164 ;;  str             1    1[BANK1 ] PTR const unsigned char 
  1165 ;;		 -> STR_12(3), STR_11(5), STR_10(6), STR_9(5), 
  1166 ;;		 -> STR_8(4), STR_7(4), STR_6(4), STR_5(2), 
  1167 ;;		 -> STR_4(5), STR_3(7), STR_2(3), STR_1(11), 
  1168 ;; Return value:  Size  Location     Type
  1169 ;;                  1    wreg      void 
  1170 ;; Registers used:
  1171 ;;		wreg, fsr0l, fsr0h, status,2, status,0, pclath, cstack
  1172 ;; Tracked objects:
  1173 ;;		On entry : B00/800
  1174 ;;		On exit  : 300/100
  1175 ;;		Unchanged: 0/0
  1176 ;; Data sizes:     COMMON   BANK0   BANK1   BANK3   BANK2
  1177 ;;      Params:         0       0       0       0       0
  1178 ;;      Locals:         0       0       1       0       0
  1179 ;;      Temps:          0       0       0       0       0
  1180 ;;      Totals:         0       0       1       0       0
  1181 ;;Total ram usage:        1 bytes
  1182 ;; Hardware stack levels used:    1
  1183 ;; Hardware stack levels required when called:    5
  1184 ;; This function calls:
  1185 ;;		_uart_send_char
  1186 ;; This function is called by:
  1187 ;;		_main
  1188 ;; This function uses a non-reentrant model
  1189 ;;
  1190                           
  1191                           
  1192                           ;psect for function _uart_send_string
  1193  0BF6                     _uart_send_string:	
  1194                           
  1195                           ;incstack = 0
  1196                           ; Regs used in _uart_send_string: [wreg-fsr0h+status,2+status,0+pclath+cstack]
  1197                           ;uart_send_string@str stored from wreg
  1198  0BF6  1683               	bsf	3,5	;RP0=1, select bank1
  1199  0BF7  00A1               	movwf	uart_send_string@str^(0+128)
  1200  0BF8                     l3319:	
  1201                           ;uart_dbg.c: 42: while(*str != '\0')
  1202                           
  1203  0BF8  0821               	movf	uart_send_string@str^(0+128),w
  1204  0BF9  0084               	movwf	4
  1205  0BFA  120A  158A  2000  120A  158A  	fcall	stringdir
  1206  0BFF  3A00               	xorlw	0
  1207  0C00  1903               	btfsc	3,2
  1208  0C01  0008               	return
  1209                           
  1210                           ;uart_dbg.c: 43: uart_send_char(*str++);
  1211  0C02  0821               	movf	uart_send_string@str^(0+128),w
  1212  0C03  0084               	movwf	4
  1213  0C04  120A  158A  2000  120A  158A  	fcall	stringdir
  1214  0C09  240F  120A  158A   	fcall	_uart_send_char
  1215  0C0C  1303               	bcf	3,6	;RP1=0, select bank1
  1216  0C0D  0AA1               	incf	uart_send_string@str^(0+128),f
  1217  0C0E  2BF8               	goto	l3319
  1218  0C0F                     __end_of_uart_send_string:	
  1219  0C0F                     __ptext2:	
  1220 ;; *************** function _uart_send_char *****************
  1221 ;; Defined at:
  1222 ;;		line 28 in file "E:\1.workspace\7.other\17.charge_demo\charge_demo\06-release\SC8F096_Timer_Demo\uart_dbg.c"
  1223 ;; Parameters:    Size  Location     Type
  1224 ;;  c               1    wreg     unsigned char 
  1225 ;; Auto vars:     Size  Location     Type
  1226 ;;  c               1    0[BANK1 ] unsigned char 
  1227 ;; Return value:  Size  Location     Type
  1228 ;;                  1    wreg      void 
  1229 ;; Registers used:
  1230 ;;		wreg
  1231 ;; Tracked objects:
  1232 ;;		On entry : 300/900
  1233 ;;		On exit  : 300/300
  1234 ;;		Unchanged: 0/0
  1235 ;; Data sizes:     COMMON   BANK0   BANK1   BANK3   BANK2
  1236 ;;      Params:         0       0       0       0       0
  1237 ;;      Locals:         0       0       1       0       0
  1238 ;;      Temps:          0       0       0       0       0
  1239 ;;      Totals:         0       0       1       0       0
  1240 ;;Total ram usage:        1 bytes
  1241 ;; Hardware stack levels used:    1
  1242 ;; Hardware stack levels required when called:    4
  1243 ;; This function calls:
  1244 ;;		Nothing
  1245 ;; This function is called by:
  1246 ;;		_uart_send_string
  1247 ;; This function uses a non-reentrant model
  1248 ;;
  1249                           
  1250                           
  1251                           ;psect for function _uart_send_char
  1252  0C0F                     _uart_send_char:	
  1253                           
  1254                           ;incstack = 0
  1255                           ; Regs used in _uart_send_char: [wreg]
  1256                           ;uart_send_char@c stored from wreg
  1257  0C0F  00A0               	movwf	uart_send_char@c^(0+128)
  1258  0C10                     l659:	
  1259                           ;uart_dbg.c: 30: while(TRMT1 == 0);
  1260                           
  1261  0C10  1703               	bsf	3,6	;RP1=1, select bank3
  1262  0C11  1C85               	btfss	5,1	;volatile
  1263  0C12  2C10               	goto	l659
  1264                           
  1265                           ;uart_dbg.c: 31: TXREG1 = c;
  1266  0C13  1303               	bcf	3,6	;RP1=0, select bank1
  1267  0C14  0820               	movf	uart_send_char@c^(0+128),w
  1268  0C15  1703               	bsf	3,6	;RP1=1, select bank3
  1269  0C16  0087               	movwf	7	;volatile
  1270  0C17  0008               	return
  1271  0C18                     __end_of_uart_send_char:	
  1272                           
  1273                           	psect	text3
  1274  0EE5                     __ptext3:	
  1275 ;; *************** function _System_Init *****************
  1276 ;; Defined at:
  1277 ;;		line 101 in file "E:\1.workspace\7.other\17.charge_demo\charge_demo\06-release\SC8F096_Timer_Demo\main.c"
  1278 ;; Parameters:    Size  Location     Type
  1279 ;;		None
  1280 ;; Auto vars:     Size  Location     Type
  1281 ;;  i               1   12[BANK1 ] unsigned char 
  1282 ;; Return value:  Size  Location     Type
  1283 ;;                  1    wreg      void 
  1284 ;; Registers used:
  1285 ;;		wreg, fsr0l, fsr0h, status,2, status,0, pclath, cstack
  1286 ;; Tracked objects:
  1287 ;;		On entry : B00/0
  1288 ;;		On exit  : B00/800
  1289 ;;		Unchanged: 0/0
  1290 ;; Data sizes:     COMMON   BANK0   BANK1   BANK3   BANK2
  1291 ;;      Params:         0       0       0       0       0
  1292 ;;      Locals:         0       0      10       0       0
  1293 ;;      Temps:          0       0       0       0       0
  1294 ;;      Totals:         0       0      10       0       0
  1295 ;;Total ram usage:       10 bytes
  1296 ;; Hardware stack levels used:    1
  1297 ;; Hardware stack levels required when called:    5
  1298 ;; This function calls:
  1299 ;;		___bmul
  1300 ;; This function is called by:
  1301 ;;		_main
  1302 ;; This function uses a non-reentrant model
  1303 ;;
  1304                           
  1305                           
  1306                           ;psect for function _System_Init
  1307  0EE5                     _System_Init:	
  1308                           
  1309                           ;incstack = 0
  1310                           ; Regs used in _System_Init: [wreg-fsr0h+status,2+status,0+pclath+cstack]
  1311  0EE5  0000               	nop	;# 
  1312  0EE6  0064               	clrwdt	;# 
  1313                           
  1314                           ;main.c: 110: OSCCON = 0x72;
  1315  0EE7  3072               	movlw	114
  1316  0EE8  1283               	bcf	3,5	;RP0=0, select bank0
  1317  0EE9  1303               	bcf	3,6	;RP1=0, select bank0
  1318  0EEA  0094               	movwf	20	;volatile
  1319                           
  1320                           ;main.c: 111: OPTION_REG = 0x00;
  1321  0EEB  0181               	clrf	1	;volatile
  1322  0EEC  0064               	clrwdt	;# 
  1323                           
  1324                           ;main.c: 121: TRISA = 0B11110000;
  1325  0EED  30F0               	movlw	240
  1326  0EEE  1683               	bsf	3,5	;RP0=1, select bank1
  1327  0EEF  1303               	bcf	3,6	;RP1=0, select bank1
  1328  0EF0  0085               	movwf	5	;volatile
  1329                           
  1330                           ;main.c: 122: PORTA = 0B00001111;
  1331  0EF1  300F               	movlw	15
  1332  0EF2  0086               	movwf	6	;volatile
  1333                           
  1334                           ;main.c: 123: WPUA = 0B00000000;
  1335  0EF3  0188               	clrf	8	;volatile
  1336                           
  1337                           ;main.c: 124: WPDA = 0B00000000;
  1338  0EF4  0187               	clrf	7	;volatile
  1339                           
  1340                           ;main.c: 125: IOCA = 0B00000000;
  1341  0EF5  0189               	clrf	9	;volatile
  1342                           
  1343                           ;main.c: 134: TRISB = 0B00110000;
  1344  0EF6  3030               	movlw	48
  1345  0EF7  1283               	bcf	3,5	;RP0=0, select bank0
  1346  0EF8  0085               	movwf	5	;volatile
  1347                           
  1348                           ;main.c: 135: PORTB = 0B01001111;
  1349  0EF9  304F               	movlw	79
  1350  0EFA  0086               	movwf	6	;volatile
  1351                           
  1352                           ;main.c: 136: WPUB = 0B00000000;
  1353  0EFB  0188               	clrf	8	;volatile
  1354                           
  1355                           ;main.c: 137: WPDB = 0B00000000;
  1356  0EFC  0187               	clrf	7	;volatile
  1357                           
  1358                           ;main.c: 138: IOCB = 0B00000000;
  1359  0EFD  0189               	clrf	9	;volatile
  1360                           
  1361                           ;main.c: 148: TRISC = 0B00000010;
  1362  0EFE  3002               	movlw	2
  1363  0EFF  1703               	bsf	3,6	;RP1=1, select bank2
  1364  0F00  0085               	movwf	5	;volatile
  1365                           
  1366                           ;main.c: 149: PORTC = 0B00000001;
  1367  0F01  3001               	movlw	1
  1368  0F02  0086               	movwf	6	;volatile
  1369                           
  1370                           ;main.c: 150: WPUC = 0B00000000;
  1371  0F03  0188               	clrf	8	;volatile
  1372                           
  1373                           ;main.c: 156: TRISD = 0B00000000;
  1374  0F04  0194               	clrf	20	;volatile
  1375                           
  1376                           ;main.c: 157: PORTD = 0B00001111;
  1377  0F05  300F               	movlw	15
  1378  0F06  0087               	movwf	7	;volatile
  1379                           
  1380                           ;main.c: 158: WPUD = 0B00000000;
  1381  0F07  0195               	clrf	21	;volatile
  1382                           
  1383                           ;main.c: 161: ANSEL0 = 0x00;
  1384  0F08  1683               	bsf	3,5	;RP0=1, select bank1
  1385  0F09  1303               	bcf	3,6	;RP1=0, select bank1
  1386  0F0A  0193               	clrf	19	;volatile
  1387                           
  1388                           ;main.c: 162: ANSEL1 = 0x00;
  1389  0F0B  0194               	clrf	20	;volatile
  1390                           
  1391                           ;main.c: 163: ANSEL2 = 0x00;
  1392  0F0C  1283               	bcf	3,5	;RP0=0, select bank2
  1393  0F0D  1703               	bsf	3,6	;RP1=1, select bank2
  1394  0F0E  0189               	clrf	9	;volatile
  1395                           
  1396                           ;main.c: 164: ANSEL3 = 0x00;
  1397  0F0F  1683               	bsf	3,5	;RP0=1, select bank1
  1398  0F10  1303               	bcf	3,6	;RP1=0, select bank1
  1399  0F11  018C               	clrf	12	;volatile
  1400                           
  1401                           ;main.c: 167: CC0CON = 0;
  1402  0F12  1703               	bsf	3,6	;RP1=1, select bank3
  1403  0F13  0195               	clrf	21	;volatile
  1404                           
  1405                           ;main.c: 168: CC1CON = 0;
  1406  0F14  0196               	clrf	22	;volatile
  1407                           
  1408                           ;main.c: 173: ADCON0 = 0X41;
  1409  0F15  3041               	movlw	65
  1410  0F16  1303               	bcf	3,6	;RP1=0, select bank1
  1411  0F17  0095               	movwf	21	;volatile
  1412                           
  1413                           ;main.c: 174: ADCON1 = 0;
  1414  0F18  0196               	clrf	22	;volatile
  1415                           
  1416                           ;main.c: 180: TXSTA1 = 0B10100000;
  1417  0F19  30A0               	movlw	160
  1418  0F1A  1703               	bsf	3,6	;RP1=1, select bank3
  1419  0F1B  0085               	movwf	5	;volatile
  1420                           
  1421                           ;main.c: 181: RCSTA1 = 0B10010000;
  1422  0F1C  3090               	movlw	144
  1423  0F1D  0086               	movwf	6	;volatile
  1424                           
  1425                           ;main.c: 182: SPBRG1 = 103;
  1426  0F1E  3067               	movlw	103
  1427  0F1F  0089               	movwf	9	;volatile
  1428                           
  1429                           ;main.c: 190: TMR0 = 6;
  1430  0F20  3006               	movlw	6
  1431  0F21  1303               	bcf	3,6	;RP1=0, select bank1
  1432  0F22  0081               	movwf	1	;volatile
  1433                           
  1434                           ;main.c: 191: T0IF = 0;
  1435  0F23  110B               	bcf	11,2	;volatile
  1436                           
  1437                           ;main.c: 192: T0IE = 1;
  1438  0F24  168B               	bsf	11,5	;volatile
  1439                           
  1440                           ;main.c: 195: PEIE = 1;
  1441  0F25  170B               	bsf	11,6	;volatile
  1442                           
  1443                           ;main.c: 196: RC1IE = 1;
  1444  0F26  1283               	bcf	3,5	;RP0=0, select bank2
  1445  0F27  1703               	bsf	3,6	;RP1=1, select bank2
  1446  0F28  1410               	bsf	16,0	;volatile
  1447                           
  1448                           ;main.c: 197: GIE = 1;
  1449  0F29  178B               	bsf	11,7	;volatile
  1450                           
  1451                           ;main.c: 200: RB6 = 1;
  1452  0F2A  1303               	bcf	3,6	;RP1=0, select bank0
  1453  0F2B  1706               	bsf	6,6	;volatile
  1454                           
  1455                           ;main.c: 201: RB7 = 0;
  1456  0F2C  1386               	bcf	6,7	;volatile
  1457                           
  1458                           ;main.c: 202: RC3 = 0;
  1459  0F2D  1703               	bsf	3,6	;RP1=1, select bank2
  1460  0F2E  1186               	bcf	6,3	;volatile
  1461                           
  1462                           ;main.c: 203: RC2 = 0;
  1463  0F2F  1106               	bcf	6,2	;volatile
  1464                           
  1465                           ;main.c: 204: RC5 = 0;
  1466  0F30  1286               	bcf	6,5	;volatile
  1467                           
  1468                           ;main.c: 205: RC4 = 0;
  1469  0F31  1206               	bcf	6,4	;volatile
  1470                           
  1471                           ;main.c: 206: RC0 = 1;
  1472  0F32  1406               	bsf	6,0	;volatile
  1473                           
  1474                           ;main.c: 209: for(i = 0; i < 12; i++)
  1475  0F33  1683               	bsf	3,5	;RP0=1, select bank1
  1476  0F34  1303               	bcf	3,6	;RP1=0, select bank1
  1477  0F35  01AC               	clrf	System_Init@i^(0+128)
  1478  0F36                     l3231:	
  1479                           
  1480                           ;main.c: 210: {
  1481                           ;main.c: 211: (((i) < 6) ? &g_slot0[(i)] : &g_slot1[(i)-6])->state = 0;
  1482  0F36  3006               	movlw	6
  1483  0F37  022C               	subwf	System_Init@i^(0+128),w
  1484  0F38  300C               	movlw	12
  1485  0F39  00A0               	movwf	___bmul@multiplicand^(0+128)
  1486  0F3A  082C               	movf	System_Init@i^(0+128),w
  1487  0F3B  1C03               	skipc
  1488  0F3C  2F42               	goto	L10
  1489  0F3D  27DE  120A  158A   	fcall	___bmul
  1490  0F40  3ED8               	addlw	(low ((_g_slot1| (0+256)+184)))& (0+255)
  1491  0F41  2F46               	goto	L1
  1492  0F42                     L10:	
  1493  0F42  27DE  120A  158A   	fcall	___bmul
  1494  0F45  3EA0               	addlw	(low (_g_slot0| (0+256)))& (0+255)
  1495  0F46                     L1:	
  1496  0F46  00A3               	movwf	_System_Init$274^(0+128)
  1497  0F47  0A23               	incf	_System_Init$274^(0+128),w
  1498                           
  1499                           ;main.c: 212: (((i) < 6) ? &g_slot0[(i)] : &g_slot1[(i)-6])->type = 0;
  1500  0F48  27EC  120A  158A   	fcall	PL6	;call to abstracted procedure
  1501  0F4B  1C03               	skipc
  1502  0F4C  2F52               	goto	L11
  1503  0F4D  27DE  120A  158A   	fcall	___bmul
  1504  0F50  3ED8               	addlw	(low ((_g_slot1| (0+256)+184)))& (0+255)
  1505  0F51  2F56               	goto	L2
  1506  0F52                     L11:	
  1507  0F52  27DE  120A  158A   	fcall	___bmul
  1508  0F55  3EA0               	addlw	(low (_g_slot0| (0+256)))& (0+255)
  1509  0F56                     L2:	
  1510  0F56  00A4               	movwf	_System_Init$285^(0+128)
  1511                           
  1512                           ;main.c: 213: (((i) < 6) ? &g_slot0[(i)] : &g_slot1[(i)-6])->voltage = 0;
  1513  0F57  27EC  120A  158A   	fcall	PL6	;call to abstracted procedure
  1514  0F5A  1C03               	skipc
  1515  0F5B  2F61               	goto	L12
  1516  0F5C  27DE  120A  158A   	fcall	___bmul
  1517  0F5F  3ED8               	addlw	(low ((_g_slot1| (0+256)+184)))& (0+255)
  1518  0F60  2F65               	goto	L3
  1519  0F61                     L12:	
  1520  0F61  27DE  120A  158A   	fcall	___bmul
  1521  0F64  3EA0               	addlw	(low (_g_slot0| (0+256)))& (0+255)
  1522  0F65                     L3:	
  1523  0F65  00A5               	movwf	_System_Init$296^(0+128)
  1524  0F66  3E03               	addlw	3
  1525                           
  1526                           ;main.c: 214: (((i) < 6) ? &g_slot0[(i)] : &g_slot1[(i)-6])->chargeTimer = 0;
  1527  0F67  27F5  120A  158A   	fcall	PL8	;call to abstracted procedure
  1528  0F6A  1C03               	skipc
  1529  0F6B  2F71               	goto	L13
  1530  0F6C  27DE  120A  158A   	fcall	___bmul
  1531  0F6F  3ED8               	addlw	(low ((_g_slot1| (0+256)+184)))& (0+255)
  1532  0F70  2F75               	goto	L4
  1533  0F71                     L13:	
  1534  0F71  27DE  120A  158A   	fcall	___bmul
  1535  0F74  3EA0               	addlw	(low (_g_slot0| (0+256)))& (0+255)
  1536  0F75                     L4:	
  1537  0F75  00A6               	movwf	_System_Init$307^(0+128)
  1538  0F76  3E05               	addlw	5
  1539                           
  1540                           ;main.c: 215: (((i) < 6) ? &g_slot0[(i)] : &g_slot1[(i)-6])->ledState = 0;
  1541  0F77  27F5  120A  158A   	fcall	PL8	;call to abstracted procedure
  1542  0F7A  1C03               	skipc
  1543  0F7B  2F81               	goto	L14
  1544  0F7C  27DE  120A  158A   	fcall	___bmul
  1545  0F7F  3ED8               	addlw	(low ((_g_slot1| (0+256)+184)))& (0+255)
  1546  0F80  2F85               	goto	L5
  1547  0F81                     L14:	
  1548  0F81  27DE  120A  158A   	fcall	___bmul
  1549  0F84  3EA0               	addlw	(low (_g_slot0| (0+256)))& (0+255)
  1550  0F85                     L5:	
  1551  0F85  00A7               	movwf	_System_Init$318^(0+128)
  1552  0F86  3E02               	addlw	2
  1553                           
  1554                           ;main.c: 216: (((i) < 6) ? &g_slot0[(i)] : &g_slot1[(i)-6])->blinkTimer = 0;
  1555  0F87  27EC  120A  158A   	fcall	PL6	;call to abstracted procedure
  1556  0F8A  1C03               	skipc
  1557  0F8B  2F91               	goto	L15
  1558  0F8C  27DE  120A  158A   	fcall	___bmul
  1559  0F8F  3ED8               	addlw	(low ((_g_slot1| (0+256)+184)))& (0+255)
  1560  0F90  2F95               	goto	L6
  1561  0F91                     L15:	
  1562  0F91  27DE  120A  158A   	fcall	___bmul
  1563  0F94  3EA0               	addlw	(low (_g_slot0| (0+256)))& (0+255)
  1564  0F95                     L6:	
  1565  0F95  00A8               	movwf	_System_Init$329^(0+128)
  1566  0F96  3E07               	addlw	7
  1567                           
  1568                           ;main.c: 217: (((i) < 6) ? &g_slot0[(i)] : &g_slot1[(i)-6])->blinkPhase = 0;
  1569  0F97  27F5  120A  158A   	fcall	PL8	;call to abstracted procedure
  1570  0F9A  1C03               	skipc
  1571  0F9B  2FA1               	goto	L16
  1572  0F9C  27DE  120A  158A   	fcall	___bmul
  1573  0F9F  3ED8               	addlw	(low ((_g_slot1| (0+256)+184)))& (0+255)
  1574  0FA0  2FA5               	goto	L7
  1575  0FA1                     L16:	
  1576  0FA1  27DE  120A  158A   	fcall	___bmul
  1577  0FA4  3EA0               	addlw	(low (_g_slot0| (0+256)))& (0+255)
  1578  0FA5                     L7:	
  1579  0FA5  00A9               	movwf	_System_Init$340^(0+128)
  1580  0FA6  3E09               	addlw	9
  1581                           
  1582                           ;main.c: 218: (((i) < 6) ? &g_slot0[(i)] : &g_slot1[(i)-6])->stableCnt = 0;
  1583  0FA7  27EC  120A  158A   	fcall	PL6	;call to abstracted procedure
  1584  0FAA  1C03               	skipc
  1585  0FAB  2FB1               	goto	L17
  1586  0FAC  27DE  120A  158A   	fcall	___bmul
  1587  0FAF  3ED8               	addlw	(low ((_g_slot1| (0+256)+184)))& (0+255)
  1588  0FB0  2FB5               	goto	L8
  1589  0FB1                     L17:	
  1590  0FB1  27DE  120A  158A   	fcall	___bmul
  1591  0FB4  3EA0               	addlw	(low (_g_slot0| (0+256)))& (0+255)
  1592  0FB5                     L8:	
  1593  0FB5  00AA               	movwf	_System_Init$351^(0+128)
  1594  0FB6  3E0A               	addlw	10
  1595                           
  1596                           ;main.c: 219: (((i) < 6) ? &g_slot0[(i)] : &g_slot1[(i)-6])->activatePulseCnt = 0;
  1597  0FB7  27EC  120A  158A   	fcall	PL6	;call to abstracted procedure
  1598  0FBA  1C03               	skipc
  1599  0FBB  2FC1               	goto	L18
  1600  0FBC  27DE  120A  158A   	fcall	___bmul
  1601  0FBF  3ED8               	addlw	(low ((_g_slot1| (0+256)+184)))& (0+255)
  1602  0FC0  2FC5               	goto	L9
  1603  0FC1                     L18:	
  1604  0FC1  27DE  120A  158A   	fcall	___bmul
  1605  0FC4  3EA0               	addlw	(low (_g_slot0| (0+256)))& (0+255)
  1606  0FC5                     L9:	
  1607  0FC5  00AB               	movwf	_System_Init$362^(0+128)
  1608  0FC6  3E0B               	addlw	11
  1609  0FC7  0084               	movwf	4
  1610  0FC8  300C               	movlw	12
  1611  0FC9  1783               	bsf	3,7	;select IRP bank2
  1612  0FCA  0180               	clrf	0
  1613  0FCB  0AAC               	incf	System_Init@i^(0+128),f
  1614  0FCC  022C               	subwf	System_Init@i^(0+128),w
  1615  0FCD  1C03               	skipc
  1616  0FCE  2F36               	goto	l3231
  1617                           
  1618                           ;main.c: 220: }
  1619                           ;main.c: 223: g_scanIndex = 0;
  1620  0FCF  1283               	bcf	3,5	;RP0=0, select bank0
  1621  0FD0  01D4               	clrf	_g_scanIndex
  1622                           
  1623                           ;main.c: 224: g_scanPhase = 0;
  1624  0FD1  01D3               	clrf	_g_scanPhase
  1625                           
  1626                           ;main.c: 226: g_timerTick = 0;
  1627  0FD2  01CD               	clrf	_g_systemTick
  1628  0FD3  01CE               	clrf	_g_systemTick+1
  1629                           
  1630                           ;main.c: 227: g_powerOnTimer = 0;
  1631  0FD4  1683               	bsf	3,5	;RP0=1, select bank1
  1632  0FD5  01AE               	clrf	_g_powerOnTimer^(0+128)
  1633  0FD6  01AF               	clrf	(_g_powerOnTimer+1)^(0+128)
  1634                           
  1635                           ;main.c: 228: g_powerOnPhase = 0;
  1636  0FD7  1283               	bcf	3,5	;RP0=0, select bank0
  1637  0FD8  3019               	movlw	25
  1638  0FD9  01D2               	clrf	_g_powerOnPhase
  1639                           
  1640                           ;main.c: 229: g_tempProtect = 0;
  1641  0FDA  01D6               	clrf	_g_tempProtect
  1642                           
  1643                           ;main.c: 230: g_temperature = 25;
  1644  0FDB  00DA               	movwf	_g_temperature
  1645                           
  1646                           ;main.c: 231: RXOK_f = 0;
  1647  0FDC  1059               	bcf	_RXOK_f/(0+8),_RXOK_f& (0+7)
  1648  0FDD  0008               	return
  1649  0FDE                     __end_of_System_Init:	
  1650  0FDE                     __ptext4:	
  1651 ;; *************** function ___bmul *****************
  1652 ;; Defined at:
  1653 ;;		line 4 in file "D:\6.software\58.SCMCU_IDE\SCMCU_IDE_V2.00.16\data\sources\common\Umul8.c"
  1654 ;; Parameters:    Size  Location     Type
  1655 ;;  multiplier      1    wreg     unsigned char 
  1656 ;;  multiplicand    1    0[BANK1 ] unsigned char 
  1657 ;; Auto vars:     Size  Location     Type
  1658 ;;  multiplier      1    2[BANK1 ] unsigned char 
  1659 ;;  product         1    1[BANK1 ] unsigned char 
  1660 ;; Return value:  Size  Location     Type
  1661 ;;                  1    wreg      unsigned char 
  1662 ;; Registers used:
  1663 ;;		wreg, status,2, status,0
  1664 ;; Tracked objects:
  1665 ;;		On entry : 300/100
  1666 ;;		On exit  : 300/100
  1667 ;;		Unchanged: 0/0
  1668 ;; Data sizes:     COMMON   BANK0   BANK1   BANK3   BANK2
  1669 ;;      Params:         0       0       1       0       0
  1670 ;;      Locals:         0       0       2       0       0
  1671 ;;      Temps:          0       0       0       0       0
  1672 ;;      Totals:         0       0       3       0       0
  1673 ;;Total ram usage:        3 bytes
  1674 ;; Hardware stack levels used:    1
  1675 ;; Hardware stack levels required when called:    4
  1676 ;; This function calls:
  1677 ;;		Nothing
  1678 ;; This function is called by:
  1679 ;;		_System_Init
  1680 ;;		_Interrupt_Isr
  1681 ;;		_ChargeProcess_Slot
  1682 ;;		_Charging_Control
  1683 ;;		_Update_LED_Slot
  1684 ;;		_Led_BlinkProcess
  1685 ;;		_Print_Status
  1686 ;; This function uses a non-reentrant model
  1687 ;;
  1688                           
  1689                           
  1690                           ;psect for function ___bmul
  1691  0FDE                     ___bmul:	
  1692                           
  1693                           ;incstack = 0
  1694                           ; Regs used in ___bmul: [wreg+status,2+status,0]
  1695                           ;___bmul@multiplier stored from wreg
  1696  0FDE  00A2               	movwf	___bmul@multiplier^(0+128)
  1697  0FDF  01A1               	clrf	___bmul@product^(0+128)
  1698  0FE0                     l3129:	
  1699  0FE0  0820               	movf	___bmul@multiplicand^(0+128),w
  1700  0FE1  1822               	btfsc	___bmul@multiplier^(0+128),0
  1701  0FE2  07A1               	addwf	___bmul@product^(0+128),f
  1702  0FE3  1003               	clrc
  1703  0FE4  0DA0               	rlf	___bmul@multiplicand^(0+128),f
  1704  0FE5  1003               	clrc
  1705  0FE6  0CA2               	rrf	___bmul@multiplier^(0+128),f
  1706  0FE7  0822               	movf	___bmul@multiplier^(0+128),w
  1707  0FE8  1D03               	btfss	3,2
  1708  0FE9  2FE0               	goto	l3129
  1709  0FEA  0821               	movf	___bmul@product^(0+128),w
  1710  0FEB  0008               	return
  1711  0FEC                     __end_of___bmul:	
  1712  0FEC                     PL6:	
  1713  0FEC  0084               	movwf	4
  1714  0FED  3006               	movlw	6
  1715  0FEE  1783               	bsf	3,7	;select IRP bank2
  1716  0FEF  0180               	clrf	0
  1717  0FF0  022C               	subwf	System_Init@i^(0+128),w
  1718  0FF1  300C               	movlw	12
  1719  0FF2  00A0               	movwf	___bmul@multiplicand^(0+128)
  1720  0FF3  082C               	movf	System_Init@i^(0+128),w
  1721  0FF4  0008               	return
  1722  0FF5                     __end_ofPL6:	
  1723  0FF5                     PL8:	
  1724  0FF5  0084               	movwf	4
  1725  0FF6  3006               	movlw	6
  1726  0FF7  1783               	bsf	3,7	;select IRP bank2
  1727  0FF8  0180               	clrf	0
  1728  0FF9  0A84               	incf	4,f
  1729  0FFA  0180               	clrf	0
  1730  0FFB  022C               	subwf	System_Init@i^(0+128),w
  1731  0FFC  300C               	movlw	12
  1732  0FFD  00A0               	movwf	___bmul@multiplicand^(0+128)
  1733  0FFE  082C               	movf	System_Init@i^(0+128),w
  1734  0FFF  0008               	return
  1735  1000                     __end_ofPL8:	
  1736                           
  1737                           	psect	text5
  1738  0038                     __ptext5:	
  1739 ;; *************** function _Interrupt_Isr *****************
  1740 ;; Defined at:
  1741 ;;		line 284 in file "E:\1.workspace\7.other\17.charge_demo\charge_demo\06-release\SC8F096_Timer_Demo\main.c"
  1742 ;; Parameters:    Size  Location     Type
  1743 ;;		None
  1744 ;; Auto vars:     Size  Location     Type
  1745 ;;  power_temp      4   31[BANK0 ] volatile unsigned long 
  1746 ;; Return value:  Size  Location     Type
  1747 ;;                  1    wreg      void 
  1748 ;; Registers used:
  1749 ;;		wreg, fsr0l, fsr0h, status,2, status,0, btemp+1, pclath, cstack
  1750 ;; Tracked objects:
  1751 ;;		On entry : 0/0
  1752 ;;		On exit  : 300/0
  1753 ;;		Unchanged: 0/0
  1754 ;; Data sizes:     COMMON   BANK0   BANK1   BANK3   BANK2
  1755 ;;      Params:         0       0       0       0       0
  1756 ;;      Locals:         0       5       0       0       0
  1757 ;;      Temps:          0       5       0       0       0
  1758 ;;      Totals:         0      10       0       0       0
  1759 ;;Total ram usage:       10 bytes
  1760 ;; Hardware stack levels used:    1
  1761 ;; Hardware stack levels required when called:    3
  1762 ;; This function calls:
  1763 ;;		_ADC_ReadChannel
  1764 ;;		_ADC_Sample
  1765 ;;		_ChargeProcess_Slot
  1766 ;;		_Charging_Control
  1767 ;;		_Led_BlinkProcess
  1768 ;;		_PowerOnLedSequence
  1769 ;;		_Print_Status
  1770 ;;		_Read_Temperature
  1771 ;;		_SlotPin_ToAnalog
  1772 ;;		_SlotPin_ToDigital
  1773 ;;		_Update_LED_Slot
  1774 ;;		___ftdiv
  1775 ;;		___fttol
  1776 ;;		___lwtoft
  1777 ;;		i1___bmul
  1778 ;; This function is called by:
  1779 ;;		Interrupt level 1
  1780 ;; This function uses a non-reentrant model
  1781 ;;
  1782                           
  1783                           
  1784                           ;psect for function _Interrupt_Isr
  1785  0038                     _Interrupt_Isr:	
  1786                           
  1787                           ;main.c: 287: if(T0IF)
  1788  0038  1D0B               	btfss	11,2	;volatile
  1789  0039  290D               	goto	i1l396
  1790                           
  1791                           ;main.c: 288: {
  1792                           ;main.c: 289: TMR0 += 6;
  1793  003A  3006               	movlw	6
  1794  003B  1683               	bsf	3,5	;RP0=1, select bank1
  1795  003C  0781               	addwf	1,f	;volatile
  1796                           
  1797                           ;main.c: 291: g_timerTick++;
  1798  003D  110B               	bcf	11,2	;volatile
  1799                           
  1800                           ;main.c: 294: if(g_powerOnPhase < 2)
  1801  003E  3002               	movlw	2
  1802  003F  1283               	bcf	3,5	;RP0=0, select bank0
  1803  0040  0252               	subwf	_g_powerOnPhase,w
  1804  0041  1803               	skipnc
  1805  0042  2902               	goto	i1l4017
  1806                           
  1807                           ;main.c: 295: {
  1808                           ;main.c: 296: PowerOnLedSequence();
  1809  0043  23A0  120A  118A   	fcall	_PowerOnLedSequence
  1810                           
  1811                           ;main.c: 297: }
  1812  0046  290D               	goto	i1l396
  1813  0047                     i1l3953:	
  1814                           
  1815                           ;main.c: 308: SlotPin_ToAnalog(g_scanIndex);
  1816  0047  0854               	movf	_g_scanIndex,w
  1817  0048  120A  158A  243E  120A  118A  	fcall	_SlotPin_ToAnalog
  1818                           
  1819                           ;main.c: 309: (((g_scanIndex) < 6) ? &g_slot0[(g_scanIndex)] : &g_slot1[(g_scanIndex)-6]
      +                          )->voltage =
  1820                           ;main.c: 310: ADC_ReadChannel(s_adcChannels[g_scanIndex]);
  1821  004D  3006               	movlw	6
  1822  004E  1283               	bcf	3,5	;RP0=0, select bank0
  1823  004F  1303               	bcf	3,6	;RP1=0, select bank0
  1824  0050  0254               	subwf	_g_scanIndex,w
  1825  0051  300C               	movlw	12
  1826  0052  00F0               	movwf	i1___bmul@multiplicand
  1827  0053  0854               	movf	_g_scanIndex,w
  1828  0054  1C03               	skipc
  1829  0055  285B               	goto	L20
  1830  0056  22E8  120A  118A   	fcall	i1___bmul
  1831  0059  3ED8               	addlw	(low ((_g_slot1| (0+256)+184)))& (0+255)
  1832  005A  285D               	goto	L19
  1833  005B                     L20:	
  1834  005B  22E8               	fcall	i1___bmul
  1835  005C  3EA0               	addlw	(low (_g_slot0| (0+256)))& (0+255)
  1836  005D                     L19:	
  1837  005D  1283               	bcf	3,5	;RP0=0, select bank0
  1838  005E  1303               	bcf	3,6	;RP1=0, select bank0
  1839  005F  00BE               	movwf	_Interrupt_Isr$388
  1840  0060  0854               	movf	_g_scanIndex,w
  1841  0061  3E01               	addlw	low ((_s_adcChannels-__stringbase)| (0+32768))
  1842  0062  0084               	movwf	4
  1843  0063  120A  158A  2000  120A  118A  	fcall	stringdir
  1844  0068  23CD  120A  118A   	fcall	_ADC_ReadChannel
  1845  006B  1283               	bcf	3,5	;RP0=0, select bank0
  1846  006C  1303               	bcf	3,6	;RP1=0, select bank0
  1847  006D  083E               	movf	_Interrupt_Isr$388,w
  1848  006E  3E03               	addlw	3
  1849  006F  0084               	movwf	4
  1850  0070  0875               	movf	?_ADC_ReadChannel,w
  1851  0071  1783               	bsf	3,7	;select IRP bank2
  1852  0072  0080               	movwf	0
  1853  0073  0A84               	incf	4,f
  1854  0074  0876               	movf	?_ADC_ReadChannel+1,w
  1855  0075  0080               	movwf	0
  1856                           
  1857                           ;main.c: 311: SlotPin_ToDigital(g_scanIndex);
  1858  0076  0854               	movf	_g_scanIndex,w
  1859  0077  2137  120A  118A   	fcall	_SlotPin_ToDigital
  1860                           
  1861                           ;main.c: 312: g_scanPhase = 1;
  1862  007A  1283               	bcf	3,5	;RP0=0, select bank0
  1863  007B  1303               	bcf	3,6	;RP1=0, select bank0
  1864  007C  01D3               	clrf	_g_scanPhase
  1865  007D  0AD3               	incf	_g_scanPhase,f
  1866                           
  1867                           ;main.c: 313: break;
  1868  007E  290D               	goto	i1l396
  1869  007F                     i1l3967:	
  1870                           
  1871                           ;main.c: 319: ChargeProcess_Slot(g_scanIndex);
  1872  007F  0854               	movf	_g_scanIndex,w
  1873  0080  120A  118A  2416  120A  118A  	fcall	_ChargeProcess_Slot
  1874                           
  1875                           ;main.c: 320: Update_LED_Slot(g_scanIndex);
  1876  0085  1283               	bcf	3,5	;RP0=0, select bank0
  1877  0086  1303               	bcf	3,6	;RP1=0, select bank0
  1878  0087  0854               	movf	_g_scanIndex,w
  1879  0088  120A  158A  247A  120A  118A  	fcall	_Update_LED_Slot
  1880                           
  1881                           ;main.c: 321: g_scanPhase = 2;
  1882  008D  3002               	movlw	2
  1883  008E  1283               	bcf	3,5	;RP0=0, select bank0
  1884  008F  1303               	bcf	3,6	;RP1=0, select bank0
  1885  0090  00D3               	movwf	_g_scanPhase
  1886                           
  1887                           ;main.c: 322: break;
  1888  0091  290D               	goto	i1l396
  1889  0092                     i1l3971:	
  1890                           
  1891                           ;main.c: 332: if(g_scanIndex == 0)
  1892  0092  0854               	movf	_g_scanIndex,w
  1893  0093  1D03               	btfss	3,2
  1894  0094  28A6               	goto	i1l3985
  1895                           
  1896                           ;main.c: 333: {
  1897                           ;main.c: 335: ANSEL2 |= 0x20;
  1898  0095  1703               	bsf	3,6	;RP1=1, select bank2
  1899  0096  1689               	bsf	9,5	;volatile
  1900                           
  1901                           ;main.c: 336: TRISC |= 0x20;
  1902  0097  1685               	bsf	5,5	;volatile
  1903                           
  1904                           ;main.c: 337: Read_Temperature();
  1905  0098  120A  118A  25AB  120A  118A  	fcall	_Read_Temperature
  1906                           
  1907                           ;main.c: 339: ANSEL2 &= ~0x20;
  1908  009D  1703               	bsf	3,6	;RP1=1, select bank2
  1909  009E  1289               	bcf	9,5	;volatile
  1910                           
  1911                           ;main.c: 340: TRISC &= ~0x20;
  1912  009F  1285               	bcf	5,5	;volatile
  1913                           
  1914                           ;main.c: 343: Led_BlinkProcess();
  1915  00A0  2171               	fcall	_Led_BlinkProcess
  1916                           
  1917                           ;main.c: 345: Charging_Control();
  1918  00A1  120A  158A  25D3  120A  118A  	fcall	_Charging_Control
  1919  00A6                     i1l3985:	
  1920  00A6  300C               	movlw	12
  1921                           
  1922                           ;main.c: 346: }
  1923                           ;main.c: 349: g_scanIndex++;
  1924  00A7  0AD4               	incf	_g_scanIndex,f
  1925                           
  1926                           ;main.c: 350: if(g_scanIndex >= 12)
  1927  00A8  0254               	subwf	_g_scanIndex,w
  1928  00A9  1C03               	skipc
  1929  00AA  28AF               	goto	i1l3993
  1930                           
  1931                           ;main.c: 351: {
  1932                           ;main.c: 352: g_scanIndex = 0;
  1933  00AB  01D4               	clrf	_g_scanIndex
  1934                           
  1935                           ;main.c: 353: g_systemTick++;
  1936  00AC  0ACD               	incf	_g_systemTick,f
  1937  00AD  1903               	skipnz
  1938  00AE  0ACE               	incf	_g_systemTick+1,f
  1939  00AF                     i1l3993:	
  1940  00AF  3000               	movlw	0
  1941                           
  1942                           ;main.c: 354: }
  1943                           ;main.c: 355: g_scanPhase = 0;
  1944  00B0  01D3               	clrf	_g_scanPhase
  1945                           
  1946                           ;main.c: 359: if(g_systemTick >= 111)
  1947  00B1  024E               	subwf	_g_systemTick+1,w
  1948  00B2  306F               	movlw	111
  1949  00B3  1903               	skipnz
  1950  00B4  024D               	subwf	_g_systemTick,w
  1951  00B5  1C03               	skipc
  1952  00B6  290D               	goto	i1l396
  1953  00B7  301F               	movlw	31
  1954                           
  1955                           ;main.c: 360: {
  1956                           ;main.c: 361: g_systemTick = 0;
  1957  00B8  01CD               	clrf	_g_systemTick
  1958  00B9  01CE               	clrf	_g_systemTick+1
  1959  00BA  01F0               	clrf	ADC_Sample@adldo
  1960  00BB  120A  118A  26F7  120A  118A  	fcall	_ADC_Sample
  1961  00C0  00D5               	movwf	_test_adc	;volatile
  1962                           
  1963                           ;main.c: 365: if(0xA5 == test_adc)
  1964  00C1  30A5               	movlw	165
  1965  00C2  0655               	xorwf	_test_adc,w	;volatile
  1966  00C3  1D03               	btfss	3,2
  1967  00C4  28F2               	goto	i1l4007
  1968                           
  1969                           ;main.c: 366: {
  1970                           ;main.c: 367: volatile unsigned long power_temp;
  1971                           ;main.c: 369: power_temp = (unsigned long)(((4096UL*1.2*1000))/adresult);
  1972  00C5  3096               	movlw	150
  1973  00C6  01A3               	clrf	___ftdiv@f1
  1974  00C7  00A4               	movwf	___ftdiv@f1+1
  1975  00C8  304A               	movlw	74
  1976  00C9  00A5               	movwf	___ftdiv@f1+2
  1977  00CA  0858               	movf	_adresult+1,w	;volatile
  1978  00CB  00F9               	movwf	___lwtoft@c+1
  1979  00CC  0857               	movf	_adresult,w	;volatile
  1980  00CD  00F8               	movwf	___lwtoft@c
  1981  00CE  23EA               	fcall	___lwtoft
  1982  00CF  0878               	movf	?___lwtoft,w
  1983  00D0  00A0               	movwf	___ftdiv@f2
  1984  00D1  0879               	movf	?___lwtoft+1,w
  1985  00D2  00A1               	movwf	___ftdiv@f2+1
  1986  00D3  087A               	movf	?___lwtoft+2,w
  1987  00D4  00A2               	movwf	___ftdiv@f2+2
  1988  00D5  120A  158A  2529  120A  118A  	fcall	___ftdiv
  1989  00DA  0820               	movf	?___ftdiv,w
  1990  00DB  00AC               	movwf	___fttol@f1
  1991  00DC  0821               	movf	?___ftdiv+1,w
  1992  00DD  00AD               	movwf	___fttol@f1+1
  1993  00DE  0822               	movf	?___ftdiv+2,w
  1994  00DF  00AE               	movwf	___fttol@f1+2
  1995  00E0  120A  158A  24C7  120A  118A  	fcall	___fttol
  1996  00E5  082F               	movf	?___fttol+3,w
  1997  00E6  00C2               	movwf	Interrupt_Isr@power_temp+3	;volatile
  1998  00E7  082E               	movf	?___fttol+2,w
  1999  00E8  00C1               	movwf	Interrupt_Isr@power_temp+2	;volatile
  2000  00E9  082D               	movf	?___fttol+1,w
  2001  00EA  00C0               	movwf	Interrupt_Isr@power_temp+1	;volatile
  2002  00EB  082C               	movf	?___fttol,w
  2003  00EC  00BF               	movwf	Interrupt_Isr@power_temp	;volatile
  2004                           
  2005                           ;main.c: 370: power_ad = (unsigned int)(power_temp);
  2006  00ED  0840               	movf	Interrupt_Isr@power_temp+1,w	;volatile
  2007  00EE  00D0               	movwf	_power_ad+1	;volatile
  2008  00EF  083F               	movf	Interrupt_Isr@power_temp,w	;volatile
  2009  00F0  00CF               	movwf	_power_ad	;volatile
  2010                           
  2011                           ;main.c: 371: }
  2012  00F1  28FC               	goto	i1l4011
  2013  00F2                     i1l4007:	
  2014                           
  2015                           ;main.c: 372: else
  2016                           ;main.c: 373: {
  2017                           ;main.c: 375: ADCON0 = 0;
  2018  00F2  1683               	bsf	3,5	;RP0=1, select bank1
  2019  00F3  0195               	clrf	21	;volatile
  2020                           
  2021                           ;main.c: 376: ADCON1 = 0;
  2022  00F4  0196               	clrf	22	;volatile
  2023                           
  2024                           ;main.c: 377: _delay((unsigned long)((100)*(16000000/4000000.0)));
  2025  00F5  3084               	movlw	132
  2026  00F6  1283               	bcf	3,5	;RP0=0, select bank0
  2027  00F7  1303               	bcf	3,6	;RP1=0, select bank0
  2028  00F8  00B9               	movwf	??_Interrupt_Isr
  2029  00F9                     u436_27:	
  2030  00F9  0BB9               	decfsz	??_Interrupt_Isr,f
  2031  00FA  28F9               	goto	u436_27
  2032  00FB  0000               	nop
  2033  00FC                     i1l4011:	
  2034                           
  2035                           ;main.c: 378: }
  2036                           ;main.c: 382: Print_Status();
  2037  00FC  21EE  120A  118A   	fcall	_Print_Status
  2038  00FF  290D               	goto	i1l396
  2039  0100                     i1l4013:	
  2040                           
  2041                           ;main.c: 388: g_scanPhase = 0;
  2042  0100  01D3               	clrf	_g_scanPhase
  2043                           
  2044                           ;main.c: 389: break;
  2045  0101  290D               	goto	i1l396
  2046  0102                     i1l4017:	
  2047  0102  0853               	movf	_g_scanPhase,w
  2048                           
  2049                           ; Switch size 1, requested type "space"
  2050                           ; Number of cases is 3, Range of values is 0 to 2
  2051                           ; switch strategies available:
  2052                           ; Name         Instructions Cycles
  2053                           ; simple_byte           10     6 (average)
  2054                           ; direct_byte           17     8 (fixed)
  2055                           ; jumptable            260     6 (fixed)
  2056                           ;	Chosen strategy is simple_byte
  2057  0103  3A00               	xorlw	0	; case 0
  2058  0104  1903               	skipnz
  2059  0105  2847               	goto	i1l3953
  2060  0106  3A01               	xorlw	1	; case 1
  2061  0107  1903               	skipnz
  2062  0108  287F               	goto	i1l3967
  2063  0109  3A03               	xorlw	3	; case 2
  2064  010A  1903               	skipnz
  2065  010B  2892               	goto	i1l3971
  2066  010C  2900               	goto	i1l4013
  2067  010D                     i1l396:	
  2068                           
  2069                           ;main.c: 391: }
  2070                           ;main.c: 392: }
  2071                           ;main.c: 395: if(RC1IF == 1)
  2072  010D  1283               	bcf	3,5	;RP0=0, select bank2
  2073  010E  1703               	bsf	3,6	;RP1=1, select bank2
  2074  010F  1C0F               	btfss	15,0	;volatile
  2075  0110  292A               	goto	i1l422
  2076                           
  2077                           ;main.c: 396: {
  2078                           ;main.c: 397: static unsigned char RxNum = 0, TEMP;
  2079                           ;main.c: 398: RC1IF = 0;
  2080  0111  100F               	bcf	15,0	;volatile
  2081                           
  2082                           ;main.c: 401: if(RXOK_f == 0)
  2083  0112  1303               	bcf	3,6	;RP1=0, select bank0
  2084  0113  1859               	btfsc	_RXOK_f/(0+8),_RXOK_f& (0+7)
  2085  0114  2927               	goto	i1l4031
  2086                           
  2087                           ;main.c: 402: {
  2088                           ;main.c: 403: RxTable[RxNum] = RCREG1;
  2089  0115  0851               	movf	Interrupt_Isr@RxNum,w
  2090  0116  3E43               	addlw	(low (_RxTable| 0))& (0+255)
  2091  0117  0084               	movwf	4
  2092  0118  1683               	bsf	3,5	;RP0=1, select bank3
  2093  0119  1703               	bsf	3,6	;RP1=1, select bank3
  2094  011A  0808               	movf	8,w	;volatile
  2095  011B  1383               	bcf	3,7	;select IRP bank0
  2096  011C  0080               	movwf	0
  2097                           
  2098                           ;main.c: 404: RxNum++;
  2099  011D  1283               	bcf	3,5	;RP0=0, select bank0
  2100  011E  1303               	bcf	3,6	;RP1=0, select bank0
  2101  011F  300A               	movlw	10
  2102  0120  0AD1               	incf	Interrupt_Isr@RxNum,f
  2103                           
  2104                           ;main.c: 405: if(RxNum > 9)
  2105  0121  0251               	subwf	Interrupt_Isr@RxNum,w
  2106  0122  1C03               	skipc
  2107  0123  292A               	goto	i1l422
  2108                           
  2109                           ;main.c: 406: {
  2110                           ;main.c: 407: RxNum = 0;
  2111  0124  01D1               	clrf	Interrupt_Isr@RxNum
  2112                           
  2113                           ;main.c: 408: RXOK_f = 1;
  2114  0125  1459               	bsf	_RXOK_f/(0+8),_RXOK_f& (0+7)
  2115  0126  292A               	goto	i1l422
  2116  0127                     i1l4031:	
  2117                           
  2118                           ;main.c: 411: else
  2119                           ;main.c: 412: {
  2120                           ;main.c: 413: TEMP = RCREG1;
  2121  0127  1683               	bsf	3,5	;RP0=1, select bank3
  2122  0128  1703               	bsf	3,6	;RP1=1, select bank3
  2123  0129  0808               	movf	8,w	;volatile
  2124  012A                     i1l422:	
  2125  012A  1283               	bcf	3,5	;RP0=0, select bank0
  2126  012B  1303               	bcf	3,6	;RP1=0, select bank0
  2127  012C  083D               	movf	??_Interrupt_Isr+4,w
  2128  012D  00FF               	movwf	127
  2129  012E  083C               	movf	??_Interrupt_Isr+3,w
  2130  012F  008A               	movwf	10
  2131  0130  083B               	movf	??_Interrupt_Isr+2,w
  2132  0131  0084               	movwf	4
  2133  0132  0E3A               	swapf	(??_Interrupt_Isr+1)^0,w
  2134  0133  0083               	movwf	3
  2135  0134  0EFE               	swapf	126,f
  2136  0135  0E7E               	swapf	126,w
  2137  0136  0009               	retfie
  2138  0137                     __end_of_Interrupt_Isr:	
  2139  0137                     __ptext11:	
  2140 ;; *************** function _SlotPin_ToDigital *****************
  2141 ;; Defined at:
  2142 ;;		line 81 in file "E:\1.workspace\7.other\17.charge_demo\charge_demo\06-release\SC8F096_Timer_Demo\main.c"
  2143 ;; Parameters:    Size  Location     Type
  2144 ;;  idx             1    wreg     unsigned char 
  2145 ;; Auto vars:     Size  Location     Type
  2146 ;;  idx             1    6[COMMON] unsigned char 
  2147 ;;  cfg             1    7[COMMON] PTR const struct .
  2148 ;;		 -> s_slotPins(84), 
  2149 ;; Return value:  Size  Location     Type
  2150 ;;                  1    wreg      void 
  2151 ;; Registers used:
  2152 ;;		wreg, fsr0l, fsr0h, status,2, status,0, btemp+1, pclath, cstack
  2153 ;; Tracked objects:
  2154 ;;		On entry : B00/800
  2155 ;;		On exit  : 0/0
  2156 ;;		Unchanged: 0/0
  2157 ;; Data sizes:     COMMON   BANK0   BANK1   BANK3   BANK2
  2158 ;;      Params:         0       0       0       0       0
  2159 ;;      Locals:         2       0       0       0       0
  2160 ;;      Temps:          3       0       0       0       0
  2161 ;;      Totals:         5       0       0       0       0
  2162 ;;Total ram usage:        5 bytes
  2163 ;; Hardware stack levels used:    1
  2164 ;; Hardware stack levels required when called:    1
  2165 ;; This function calls:
  2166 ;;		i1___bmul
  2167 ;; This function is called by:
  2168 ;;		_Interrupt_Isr
  2169 ;; This function uses a non-reentrant model
  2170 ;;
  2171                           
  2172                           
  2173                           ;psect for function _SlotPin_ToDigital
  2174  0137                     _SlotPin_ToDigital:	
  2175                           
  2176                           ;incstack = 0
  2177                           ; Regs used in _SlotPin_ToDigital: [wreg-fsr0h+status,2+status,0+btemp+1+pclath+cstack]
  2178                           ;SlotPin_ToDigital@idx stored from wreg
  2179  0137  00F6               	movwf	SlotPin_ToDigital@idx
  2180                           
  2181                           ;main.c: 83: const SlotPinConfig_t *cfg = &s_slotPins[idx];
  2182  0138  3007               	movlw	7
  2183  0139  00F0               	movwf	i1___bmul@multiplicand
  2184  013A  0876               	movf	SlotPin_ToDigital@idx,w
  2185  013B  22E8               	fcall	i1___bmul
  2186  013C  3E0D               	addlw	low ((_s_slotPins-__stringbase)| (0+32768))
  2187  013D  00F7               	movwf	SlotPin_ToDigital@cfg
  2188                           
  2189                           ;main.c: 84: *cfg->ansel_reg &= ~cfg->ansel_mask;
  2190  013E  3E06               	addlw	6
  2191  013F  0084               	movwf	4
  2192  0140  120A  158A  2000  120A  118A  	fcall	stringdir
  2193  0145  3AFF               	xorlw	255
  2194  0146  00F3               	movwf	??_SlotPin_ToDigital
  2195  0147  0877               	movf	SlotPin_ToDigital@cfg,w
  2196  0148  3E05               	addlw	5
  2197  0149  0084               	movwf	4
  2198  014A  120A  158A  2000  120A  118A  	fcall	stringdir
  2199  014F  0084               	movwf	4
  2200  0150  0873               	movf	??_SlotPin_ToDigital,w
  2201  0151  1383               	bcf	3,7	;select IRP bank0
  2202  0152  0580               	andwf	0,f
  2203                           
  2204                           ;main.c: 85: *cfg->tris_reg &= ~cfg->pin_mask;
  2205  0153  0877               	movf	SlotPin_ToDigital@cfg,w
  2206  0154  3E04               	addlw	4
  2207  0155  0084               	movwf	4
  2208  0156  120A  158A  2000  120A  118A  	fcall	stringdir
  2209  015B  3AFF               	xorlw	255
  2210  015C  00F3               	movwf	??_SlotPin_ToDigital
  2211  015D  0877               	movf	SlotPin_ToDigital@cfg,w
  2212  015E  0084               	movwf	4
  2213  015F  120A  158A  2000  120A  118A  	fcall	stringdir
  2214  0164  00F4               	movwf	??_SlotPin_ToDigital+1
  2215  0165  120A  158A  2000   	fcall	stringdir
  2216  0168  00F5               	movwf	??_SlotPin_ToDigital+2
  2217  0169  0874               	movf	??_SlotPin_ToDigital+1,w
  2218  016A  0084               	movwf	4
  2219  016B  1783               	bsf	3,7
  2220  016C  1C75               	btfss	??_SlotPin_ToDigital+2,0
  2221  016D  1383               	bcf	3,7
  2222  016E  0873               	movf	??_SlotPin_ToDigital,w
  2223  016F  0580               	andwf	0,f
  2224  0170  0008               	return
  2225  0171                     __end_of_SlotPin_ToDigital:	
  2226  0171                     __ptext25:	
  2227 ;; *************** function _Led_BlinkProcess *****************
  2228 ;; Defined at:
  2229 ;;		line 66 in file "E:\1.workspace\7.other\17.charge_demo\charge_demo\06-release\SC8F096_Timer_Demo\led.c"
  2230 ;; Parameters:    Size  Location     Type
  2231 ;;		None
  2232 ;; Auto vars:     Size  Location     Type
  2233 ;;  i               1   10[COMMON] unsigned char 
  2234 ;; Return value:  Size  Location     Type
  2235 ;;                  1    wreg      void 
  2236 ;; Registers used:
  2237 ;;		wreg, fsr0l, fsr0h, status,2, status,0, pclath, cstack
  2238 ;; Tracked objects:
  2239 ;;		On entry : 300/200
  2240 ;;		On exit  : 800/800
  2241 ;;		Unchanged: 0/0
  2242 ;; Data sizes:     COMMON   BANK0   BANK1   BANK3   BANK2
  2243 ;;      Params:         0       0       0       0       0
  2244 ;;      Locals:         6       0       0       0       0
  2245 ;;      Temps:          2       0       0       0       0
  2246 ;;      Totals:         8       0       0       0       0
  2247 ;;Total ram usage:        8 bytes
  2248 ;; Hardware stack levels used:    1
  2249 ;; Hardware stack levels required when called:    1
  2250 ;; This function calls:
  2251 ;;		i1___bmul
  2252 ;; This function is called by:
  2253 ;;		_Interrupt_Isr
  2254 ;; This function uses a non-reentrant model
  2255 ;;
  2256                           
  2257                           
  2258                           ;psect for function _Led_BlinkProcess
  2259  0171                     _Led_BlinkProcess:	
  2260                           
  2261                           ;led.c: 68: unsigned char i;
  2262                           ;led.c: 69: for(i = 0; i < 12; i++)
  2263                           
  2264                           ;incstack = 0
  2265                           ; Regs used in _Led_BlinkProcess: [wreg-fsr0h+status,2+status,0+pclath+cstack]
  2266  0171  01FA               	clrf	Led_BlinkProcess@i
  2267  0172                     i1l3475:	
  2268                           
  2269                           ;led.c: 70: {
  2270                           ;led.c: 72: if((((i) < 6) ? &g_slot0[(i)] : &g_slot1[(i)-6])->ledState == 3)
  2271  0172  2404  120A  118A   	fcall	PL20	;call to abstracted procedure
  2272  0175  1C03               	skipc
  2273  0176  297C               	goto	L52
  2274  0177  22E8  120A  118A   	fcall	i1___bmul
  2275  017A  3ED8               	addlw	(low ((_g_slot1| (0+256)+184)))& (0+255)
  2276  017B  2980               	goto	L47
  2277  017C                     L52:	
  2278  017C  22E8  120A  118A   	fcall	i1___bmul
  2279  017F  3EA0               	addlw	(low (_g_slot0| (0+256)))& (0+255)
  2280  0180                     L47:	
  2281  0180  00F5               	movwf	_Led_BlinkProcess$475
  2282  0181  3E02               	addlw	2
  2283  0182  0084               	movwf	4
  2284  0183  3003               	movlw	3
  2285  0184  1783               	bsf	3,7	;select IRP bank2
  2286  0185  0600               	xorwf	0,w
  2287  0186  1D03               	btfss	3,2
  2288  0187  29E8               	goto	i1l3515
  2289                           
  2290                           ;led.c: 73: {
  2291                           ;led.c: 74: (((i) < 6) ? &g_slot0[(i)] : &g_slot1[(i)-6])->blinkTimer++;
  2292  0188  2404  120A  118A   	fcall	PL20	;call to abstracted procedure
  2293  018B  1C03               	skipc
  2294  018C  2992               	goto	L53
  2295  018D  22E8  120A  118A   	fcall	i1___bmul
  2296  0190  3ED8               	addlw	(low ((_g_slot1| (0+256)+184)))& (0+255)
  2297  0191  2996               	goto	L48
  2298  0192                     L53:	
  2299  0192  22E8  120A  118A   	fcall	i1___bmul
  2300  0195  3EA0               	addlw	(low (_g_slot0| (0+256)))& (0+255)
  2301  0196                     L48:	
  2302  0196  00F6               	movwf	_Led_BlinkProcess$486
  2303  0197  3E07               	addlw	7
  2304  0198  0084               	movwf	4
  2305  0199  3001               	movlw	1
  2306  019A  1783               	bsf	3,7	;select IRP bank2
  2307  019B  0780               	addwf	0,f
  2308  019C  0A84               	incf	4,f
  2309  019D  1803               	skipnc
  2310  019E  0A80               	incf	0,f
  2311                           
  2312                           ;led.c: 76: if((((i) < 6) ? &g_slot0[(i)] : &g_slot1[(i)-6])->blinkTimer >= (111 / 2))
  2313  019F  2404  120A  118A   	fcall	PL20	;call to abstracted procedure
  2314  01A2  1C03               	skipc
  2315  01A3  29A9               	goto	L54
  2316  01A4  22E8  120A  118A   	fcall	i1___bmul
  2317  01A7  3ED8               	addlw	(low ((_g_slot1| (0+256)+184)))& (0+255)
  2318  01A8  29AD               	goto	L49
  2319  01A9                     L54:	
  2320  01A9  22E8  120A  118A   	fcall	i1___bmul
  2321  01AC  3EA0               	addlw	(low (_g_slot0| (0+256)))& (0+255)
  2322  01AD                     L49:	
  2323  01AD  00F7               	movwf	_Led_BlinkProcess$497
  2324  01AE  3E07               	addlw	7
  2325  01AF  0084               	movwf	4
  2326  01B0  1783               	bsf	3,7	;select IRP bank2
  2327  01B1  0800               	movf	0,w
  2328  01B2  00F3               	movwf	??_Led_BlinkProcess
  2329  01B3  0A84               	incf	4,f
  2330  01B4  0800               	movf	0,w
  2331  01B5  00F4               	movwf	??_Led_BlinkProcess+1
  2332  01B6  3000               	movlw	0
  2333  01B7  0274               	subwf	??_Led_BlinkProcess+1,w
  2334  01B8  3037               	movlw	55
  2335  01B9  1903               	skipnz
  2336  01BA  0273               	subwf	??_Led_BlinkProcess,w
  2337  01BB  1C03               	skipc
  2338  01BC  29E8               	goto	i1l3515
  2339                           
  2340                           ;led.c: 77: {
  2341                           ;led.c: 78: (((i) < 6) ? &g_slot0[(i)] : &g_slot1[(i)-6])->blinkTimer = 0;
  2342  01BD  2404  120A  118A   	fcall	PL20	;call to abstracted procedure
  2343  01C0  1C03               	skipc
  2344  01C1  29C7               	goto	L55
  2345  01C2  22E8  120A  118A   	fcall	i1___bmul
  2346  01C5  3ED8               	addlw	(low ((_g_slot1| (0+256)+184)))& (0+255)
  2347  01C6  29CB               	goto	L50
  2348  01C7                     L55:	
  2349  01C7  22E8  120A  118A   	fcall	i1___bmul
  2350  01CA  3EA0               	addlw	(low (_g_slot0| (0+256)))& (0+255)
  2351  01CB                     L50:	
  2352  01CB  00F8               	movwf	_Led_BlinkProcess$508
  2353  01CC  3E07               	addlw	7
  2354  01CD  0084               	movwf	4
  2355  01CE  3006               	movlw	6
  2356  01CF  1783               	bsf	3,7	;select IRP bank2
  2357  01D0  0180               	clrf	0
  2358  01D1  0A84               	incf	4,f
  2359  01D2  0180               	clrf	0
  2360                           
  2361                           ;led.c: 79: (((i) < 6) ? &g_slot0[(i)] : &g_slot1[(i)-6])->blinkPhase ^= 1;
  2362  01D3  027A               	subwf	Led_BlinkProcess@i,w
  2363  01D4  300C               	movlw	12
  2364  01D5  00F0               	movwf	i1___bmul@multiplicand
  2365  01D6  087A               	movf	Led_BlinkProcess@i,w
  2366  01D7  1C03               	skipc
  2367  01D8  29DE               	goto	L56
  2368  01D9  22E8  120A  118A   	fcall	i1___bmul
  2369  01DC  3ED8               	addlw	(low ((_g_slot1| (0+256)+184)))& (0+255)
  2370  01DD  29E2               	goto	L51
  2371  01DE                     L56:	
  2372  01DE  22E8  120A  118A   	fcall	i1___bmul
  2373  01E1  3EA0               	addlw	(low (_g_slot0| (0+256)))& (0+255)
  2374  01E2                     L51:	
  2375  01E2  00F9               	movwf	_Led_BlinkProcess$519
  2376  01E3  3E09               	addlw	9
  2377  01E4  0084               	movwf	4
  2378  01E5  3001               	movlw	1
  2379  01E6  1783               	bsf	3,7	;select IRP bank2
  2380  01E7  0680               	xorwf	0,f
  2381  01E8                     i1l3515:	
  2382  01E8  300C               	movlw	12
  2383  01E9  0AFA               	incf	Led_BlinkProcess@i,f
  2384  01EA  027A               	subwf	Led_BlinkProcess@i,w
  2385  01EB  1803               	btfsc	3,0
  2386  01EC  0008               	return
  2387  01ED  2972               	goto	i1l3475
  2388  01EE                     __end_of_Led_BlinkProcess:	
  2389  01EE                     __ptext18:	
  2390 ;; *************** function _Print_Status *****************
  2391 ;; Defined at:
  2392 ;;		line 92 in file "E:\1.workspace\7.other\17.charge_demo\charge_demo\06-release\SC8F096_Timer_Demo\uart_dbg.c"
  2393 ;; Parameters:    Size  Location     Type
  2394 ;;		None
  2395 ;; Auto vars:     Size  Location     Type
  2396 ;;  i               1   15[BANK0 ] unsigned char 
  2397 ;; Return value:  Size  Location     Type
  2398 ;;                  1    wreg      void 
  2399 ;; Registers used:
  2400 ;;		wreg, fsr0l, fsr0h, status,2, status,0, pclath, cstack
  2401 ;; Tracked objects:
  2402 ;;		On entry : 0/0
  2403 ;;		On exit  : 300/0
  2404 ;;		Unchanged: 0/0
  2405 ;; Data sizes:     COMMON   BANK0   BANK1   BANK3   BANK2
  2406 ;;      Params:         0       0       0       0       0
  2407 ;;      Locals:         0       8       0       0       0
  2408 ;;      Temps:          0       0       0       0       0
  2409 ;;      Totals:         0       8       0       0       0
  2410 ;;Total ram usage:        8 bytes
  2411 ;; Hardware stack levels used:    1
  2412 ;; Hardware stack levels required when called:    2
  2413 ;; This function calls:
  2414 ;;		_uart_send_number
  2415 ;;		i1___bmul
  2416 ;;		i1_uart_send_string
  2417 ;; This function is called by:
  2418 ;;		_Interrupt_Isr
  2419 ;; This function uses a non-reentrant model
  2420 ;;
  2421                           
  2422                           
  2423                           ;psect for function _Print_Status
  2424  01EE                     _Print_Status:	
  2425                           
  2426                           ;uart_dbg.c: 94: unsigned char i;
  2427                           ;uart_dbg.c: 97: uart_send_string("T:");
  2428                           
  2429                           ;incstack = 0
  2430                           ; Regs used in _Print_Status: [wreg-fsr0h+status,2+status,0+pclath+cstack]
  2431  01EE  3094               	movlw	(low ((STR_2-__stringbase)| (0+32768)))& (0+255)
  2432  01EF  22F6  120A  118A   	fcall	i1_uart_send_string
  2433                           
  2434                           ;uart_dbg.c: 98: uart_send_number(g_temperature);
  2435  01F2  1283               	bcf	3,5	;RP0=0, select bank0
  2436  01F3  1303               	bcf	3,6	;RP1=0, select bank0
  2437  01F4  085A               	movf	_g_temperature,w
  2438  01F5  00F7               	movwf	uart_send_number@num
  2439  01F6  01F8               	clrf	uart_send_number@num+1
  2440  01F7  230D  120A  118A   	fcall	_uart_send_number
  2441                           
  2442                           ;uart_dbg.c: 99: uart_send_string("C VDD:");
  2443  01FA  306C               	movlw	(low ((STR_3-__stringbase)| (0+32768)))& (0+255)
  2444  01FB  22F6  120A  118A   	fcall	i1_uart_send_string
  2445                           
  2446                           ;uart_dbg.c: 100: uart_send_number(power_ad);
  2447  01FE  1283               	bcf	3,5	;RP0=0, select bank0
  2448  01FF  1303               	bcf	3,6	;RP1=0, select bank0
  2449  0200  0850               	movf	_power_ad+1,w	;volatile
  2450  0201  00F8               	movwf	uart_send_number@num+1
  2451  0202  084F               	movf	_power_ad,w	;volatile
  2452  0203  00F7               	movwf	uart_send_number@num
  2453  0204  230D  120A  118A   	fcall	_uart_send_number
  2454                           
  2455                           ;uart_dbg.c: 101: uart_send_string("mV\r\n");
  2456  0207  3079               	movlw	(low ((STR_4-__stringbase)| (0+32768)))& (0+255)
  2457  0208  22F6  120A  118A   	fcall	i1_uart_send_string
  2458                           
  2459                           ;uart_dbg.c: 104: for(i = 0; i < 12; i++)
  2460  020B  1283               	bcf	3,5	;RP0=0, select bank0
  2461  020C  1303               	bcf	3,6	;RP1=0, select bank0
  2462  020D  01AF               	clrf	Print_Status@i
  2463  020E                     i1l3573:	
  2464                           
  2465                           ;uart_dbg.c: 105: {
  2466                           ;uart_dbg.c: 106: uart_send_string("B");
  2467  020E  3097               	movlw	(low ((STR_5-__stringbase)| (0+32768)))& (0+255)
  2468  020F  22F6  120A  118A   	fcall	i1_uart_send_string
  2469                           
  2470                           ;uart_dbg.c: 107: uart_send_number(i + 1);
  2471  0212  1283               	bcf	3,5	;RP0=0, select bank0
  2472  0213  1303               	bcf	3,6	;RP1=0, select bank0
  2473  0214  082F               	movf	Print_Status@i,w
  2474  0215  00F7               	movwf	uart_send_number@num
  2475  0216  01F8               	clrf	uart_send_number@num+1
  2476  0217  0AF7               	incf	uart_send_number@num,f
  2477  0218  1903               	skipnz
  2478  0219  0AF8               	incf	uart_send_number@num+1,f
  2479  021A  230D  120A  118A   	fcall	_uart_send_number
  2480                           
  2481                           ;uart_dbg.c: 108: uart_send_string(":V=");
  2482  021D  3090               	movlw	(low ((STR_6-__stringbase)| (0+32768)))& (0+255)
  2483  021E  22F6  120A  118A   	fcall	i1_uart_send_string
  2484                           
  2485                           ;uart_dbg.c: 109: uart_send_number((((i) < 6) ? &g_slot0[(i)] : &g_slot1[(i)-6])->voltag
      +                          e);
  2486  0221  23FC  120A  118A   	fcall	PL12	;call to abstracted procedure
  2487  0224  1C03               	skipc
  2488  0225  2A2B               	goto	L36
  2489  0226  22E8  120A  118A   	fcall	i1___bmul
  2490  0229  3ED8               	addlw	(low ((_g_slot1| (0+256)+184)))& (0+255)
  2491  022A  2A2F               	goto	L28
  2492  022B                     L36:	
  2493  022B  22E8  120A  118A   	fcall	i1___bmul
  2494  022E  3EA0               	addlw	(low (_g_slot0| (0+256)))& (0+255)
  2495  022F                     L28:	
  2496  022F  1283               	bcf	3,5	;RP0=0, select bank0
  2497  0230  1303               	bcf	3,6	;RP1=0, select bank0
  2498  0231  00A8               	movwf	_Print_Status$551
  2499  0232  3E03               	addlw	3
  2500  0233  0084               	movwf	4
  2501  0234  1783               	bsf	3,7	;select IRP bank2
  2502  0235  0800               	movf	0,w
  2503  0236  00F7               	movwf	uart_send_number@num
  2504  0237  0A84               	incf	4,f
  2505  0238  0800               	movf	0,w
  2506  0239  00F8               	movwf	uart_send_number@num+1
  2507  023A  230D  120A  118A   	fcall	_uart_send_number
  2508                           
  2509                           ;uart_dbg.c: 110: uart_send_string(" S=");
  2510  023D  3088               	movlw	(low ((STR_7-__stringbase)| (0+32768)))& (0+255)
  2511  023E  22F6  120A  118A   	fcall	i1_uart_send_string
  2512                           
  2513                           ;uart_dbg.c: 111: uart_send_number((((i) < 6) ? &g_slot0[(i)] : &g_slot1[(i)-6])->state)
      +                          ;
  2514  0241  23FC  120A  118A   	fcall	PL12	;call to abstracted procedure
  2515  0244  1C03               	skipc
  2516  0245  2A4B               	goto	L37
  2517  0246  22E8  120A  118A   	fcall	i1___bmul
  2518  0249  3ED8               	addlw	(low ((_g_slot1| (0+256)+184)))& (0+255)
  2519  024A  2A4F               	goto	L29
  2520  024B                     L37:	
  2521  024B  22E8  120A  118A   	fcall	i1___bmul
  2522  024E  3EA0               	addlw	(low (_g_slot0| (0+256)))& (0+255)
  2523  024F                     L29:	
  2524  024F  1283               	bcf	3,5	;RP0=0, select bank0
  2525  0250  1303               	bcf	3,6	;RP1=0, select bank0
  2526  0251  00A9               	movwf	_Print_Status$563
  2527  0252  0A29               	incf	_Print_Status$563,w
  2528  0253  2410  120A  118A   	fcall	PL24	;call to abstracted procedure
  2529  0256  230D  120A  118A   	fcall	_uart_send_number
  2530                           
  2531                           ;uart_dbg.c: 112: uart_send_string(" T=");
  2532  0259  308C               	movlw	(low ((STR_8-__stringbase)| (0+32768)))& (0+255)
  2533  025A  22F6  120A  118A   	fcall	i1_uart_send_string
  2534                           
  2535                           ;uart_dbg.c: 113: uart_send_number((((i) < 6) ? &g_slot0[(i)] : &g_slot1[(i)-6])->type);
  2536  025D  23FC  120A  118A   	fcall	PL12	;call to abstracted procedure
  2537  0260  1C03               	skipc
  2538  0261  2A67               	goto	L38
  2539  0262  22E8  120A  118A   	fcall	i1___bmul
  2540  0265  3ED8               	addlw	(low ((_g_slot1| (0+256)+184)))& (0+255)
  2541  0266  2A6B               	goto	L30
  2542  0267                     L38:	
  2543  0267  22E8  120A  118A   	fcall	i1___bmul
  2544  026A  3EA0               	addlw	(low (_g_slot0| (0+256)))& (0+255)
  2545  026B                     L30:	
  2546  026B  1283               	bcf	3,5	;RP0=0, select bank0
  2547  026C  1303               	bcf	3,6	;RP1=0, select bank0
  2548  026D  00AA               	movwf	_Print_Status$575
  2549  026E  2410  120A  118A   	fcall	PL24	;call to abstracted procedure
  2550  0271  230D  120A  118A   	fcall	_uart_send_number
  2551                           
  2552                           ;uart_dbg.c: 116: if((((i) < 6) ? &g_slot0[(i)] : &g_slot1[(i)-6])->state == 7)
  2553  0274  23FC  120A  118A   	fcall	PL12	;call to abstracted procedure
  2554  0277  1C03               	skipc
  2555  0278  2A7E               	goto	L39
  2556  0279  22E8  120A  118A   	fcall	i1___bmul
  2557  027C  3ED8               	addlw	(low ((_g_slot1| (0+256)+184)))& (0+255)
  2558  027D  2A82               	goto	L31
  2559  027E                     L39:	
  2560  027E  22E8  120A  118A   	fcall	i1___bmul
  2561  0281  3EA0               	addlw	(low (_g_slot0| (0+256)))& (0+255)
  2562  0282                     L31:	
  2563  0282  1283               	bcf	3,5	;RP0=0, select bank0
  2564  0283  1303               	bcf	3,6	;RP1=0, select bank0
  2565  0284  00AB               	movwf	_Print_Status$586
  2566  0285  0A2B               	incf	_Print_Status$586,w
  2567  0286  0084               	movwf	4
  2568  0287  3007               	movlw	7
  2569  0288  1783               	bsf	3,7	;select IRP bank2
  2570  0289  0600               	xorwf	0,w
  2571  028A  1D03               	btfss	3,2
  2572  028B  2A8E               	goto	i1l3613
  2573                           
  2574                           ;uart_dbg.c: 117: uart_send_string(" ERR");
  2575  028C  3083               	movlw	(low ((STR_9-__stringbase)| (0+32768)))& (0+255)
  2576  028D  2AD9               	goto	L32
  2577  028E                     i1l3613:	
  2578                           
  2579                           ;uart_dbg.c: 118: else if((((i) < 6) ? &g_slot0[(i)] : &g_slot1[(i)-6])->state == 6)
  2580  028E  240A  120A  118A   	fcall	PL22	;call to abstracted procedure
  2581  0291  1C03               	skipc
  2582  0292  2A98               	goto	L40
  2583  0293  22E8  120A  118A   	fcall	i1___bmul
  2584  0296  3ED8               	addlw	(low ((_g_slot1| (0+256)+184)))& (0+255)
  2585  0297  2A9C               	goto	L33
  2586  0298                     L40:	
  2587  0298  22E8  120A  118A   	fcall	i1___bmul
  2588  029B  3EA0               	addlw	(low (_g_slot0| (0+256)))& (0+255)
  2589  029C                     L33:	
  2590  029C  1283               	bcf	3,5	;RP0=0, select bank0
  2591  029D  1303               	bcf	3,6	;RP1=0, select bank0
  2592  029E  00AC               	movwf	_Print_Status$598
  2593  029F  0A2C               	incf	_Print_Status$598,w
  2594  02A0  0084               	movwf	4
  2595  02A1  3006               	movlw	6
  2596  02A2  1783               	bsf	3,7	;select IRP bank2
  2597  02A3  0600               	xorwf	0,w
  2598  02A4  1D03               	btfss	3,2
  2599  02A5  2AA8               	goto	i1l3623
  2600                           
  2601                           ;uart_dbg.c: 119: uart_send_string(" FULL");
  2602  02A6  3073               	movlw	(low ((STR_10-__stringbase)| (0+32768)))& (0+255)
  2603  02A7  2AD9               	goto	L32
  2604  02A8                     i1l3623:	
  2605                           
  2606                           ;uart_dbg.c: 120: else if((((i) < 6) ? &g_slot0[(i)] : &g_slot1[(i)-6])->state == 4 ||
  2607                           ;uart_dbg.c: 121: (((i) < 6) ? &g_slot0[(i)] : &g_slot1[(i)-6])->state == 5)
  2608  02A8  240A  120A  118A   	fcall	PL22	;call to abstracted procedure
  2609  02AB  1C03               	skipc
  2610  02AC  2AB2               	goto	L41
  2611  02AD  22E8  120A  118A   	fcall	i1___bmul
  2612  02B0  3ED8               	addlw	(low ((_g_slot1| (0+256)+184)))& (0+255)
  2613  02B1  2AB6               	goto	L34
  2614  02B2                     L41:	
  2615  02B2  22E8  120A  118A   	fcall	i1___bmul
  2616  02B5  3EA0               	addlw	(low (_g_slot0| (0+256)))& (0+255)
  2617  02B6                     L34:	
  2618  02B6  1283               	bcf	3,5	;RP0=0, select bank0
  2619  02B7  1303               	bcf	3,6	;RP1=0, select bank0
  2620  02B8  00AD               	movwf	_Print_Status$620
  2621  02B9  0A2D               	incf	_Print_Status$620,w
  2622  02BA  0084               	movwf	4
  2623  02BB  3004               	movlw	4
  2624  02BC  1783               	bsf	3,7	;select IRP bank2
  2625  02BD  0600               	xorwf	0,w
  2626  02BE  1903               	btfsc	3,2
  2627  02BF  2AD8               	goto	i1l3639
  2628  02C0  240A  120A  118A   	fcall	PL22	;call to abstracted procedure
  2629  02C3  1C03               	skipc
  2630  02C4  2ACA               	goto	L42
  2631  02C5  22E8  120A  118A   	fcall	i1___bmul
  2632  02C8  3ED8               	addlw	(low ((_g_slot1| (0+256)+184)))& (0+255)
  2633  02C9  2ACE               	goto	L35
  2634  02CA                     L42:	
  2635  02CA  22E8  120A  118A   	fcall	i1___bmul
  2636  02CD  3EA0               	addlw	(low (_g_slot0| (0+256)))& (0+255)
  2637  02CE                     L35:	
  2638  02CE  1283               	bcf	3,5	;RP0=0, select bank0
  2639  02CF  1303               	bcf	3,6	;RP1=0, select bank0
  2640  02D0  00AE               	movwf	_Print_Status$621
  2641  02D1  0A2E               	incf	_Print_Status$621,w
  2642  02D2  0084               	movwf	4
  2643  02D3  3005               	movlw	5
  2644  02D4  1783               	bsf	3,7	;select IRP bank2
  2645  02D5  0600               	xorwf	0,w
  2646  02D6  1D03               	btfss	3,2
  2647  02D7  2ADC               	goto	i1l699
  2648  02D8                     i1l3639:	
  2649                           
  2650                           ;uart_dbg.c: 122: uart_send_string(" CHG");
  2651  02D8  307E               	movlw	(low ((STR_11-__stringbase)| (0+32768)))& (0+255)
  2652  02D9                     L32:	
  2653  02D9  22F6  120A  118A   	fcall	i1_uart_send_string
  2654  02DC                     i1l699:	
  2655                           
  2656                           ;uart_dbg.c: 124: uart_send_string("\r\n");
  2657  02DC  3069               	movlw	(low (((STR_1+8)-__stringbase)| (0+32768)))& (0+255)
  2658  02DD  22F6  120A  118A   	fcall	i1_uart_send_string
  2659  02E0  1283               	bcf	3,5	;RP0=0, select bank0
  2660  02E1  1303               	bcf	3,6	;RP1=0, select bank0
  2661  02E2  300C               	movlw	12
  2662  02E3  0AAF               	incf	Print_Status@i,f
  2663  02E4  022F               	subwf	Print_Status@i,w
  2664  02E5  1803               	btfsc	3,0
  2665  02E6  0008               	return
  2666  02E7  2A0E               	goto	i1l3573
  2667  02E8                     __end_of_Print_Status:	
  2668  02E8                     __ptext28:	
  2669 ;; *************** function i1___bmul *****************
  2670 ;; Defined at:
  2671 ;;		line 4 in file "D:\6.software\58.SCMCU_IDE\SCMCU_IDE_V2.00.16\data\sources\common\Umul8.c"
  2672 ;; Parameters:    Size  Location     Type
  2673 ;;  multiplier      1    wreg     unsigned char 
  2674 ;;  multiplicand    1    0[COMMON] unsigned char 
  2675 ;; Auto vars:     Size  Location     Type
  2676 ;;  multiplier      1    1[COMMON] unsigned char 
  2677 ;;  __bmul          1    2[COMMON] unsigned char 
  2678 ;; Return value:  Size  Location     Type
  2679 ;;                  1    wreg      unsigned char 
  2680 ;; Registers used:
  2681 ;;		wreg, status,2, status,0
  2682 ;; Tracked objects:
  2683 ;;		On entry : 0/0
  2684 ;;		On exit  : 0/0
  2685 ;;		Unchanged: 0/0
  2686 ;; Data sizes:     COMMON   BANK0   BANK1   BANK3   BANK2
  2687 ;;      Params:         1       0       0       0       0
  2688 ;;      Locals:         2       0       0       0       0
  2689 ;;      Temps:          0       0       0       0       0
  2690 ;;      Totals:         3       0       0       0       0
  2691 ;;Total ram usage:        3 bytes
  2692 ;; Hardware stack levels used:    1
  2693 ;; This function calls:
  2694 ;;		Nothing
  2695 ;; This function is called by:
  2696 ;;		_Interrupt_Isr
  2697 ;;		_ChargeProcess_Slot
  2698 ;;		_Charging_Control
  2699 ;;		_Update_LED_Slot
  2700 ;;		_Led_BlinkProcess
  2701 ;;		_Print_Status
  2702 ;;		_SlotPin_ToAnalog
  2703 ;;		_SlotPin_ToDigital
  2704 ;; This function uses a non-reentrant model
  2705 ;;
  2706                           
  2707                           
  2708                           ;psect for function i1___bmul
  2709  02E8                     i1___bmul:	
  2710                           
  2711                           ;incstack = 0
  2712                           ; Regs used in i1___bmul: [wreg+status,2+status,0]
  2713                           ;i1___bmul@multiplier stored from wreg
  2714  02E8  00F1               	movwf	i1___bmul@multiplier
  2715  02E9  01F2               	clrf	i1___bmul@product
  2716  02EA                     i1l2417:	
  2717  02EA  0870               	movf	i1___bmul@multiplicand,w
  2718  02EB  1871               	btfsc	i1___bmul@multiplier,0
  2719  02EC  07F2               	addwf	i1___bmul@product,f
  2720  02ED  1003               	clrc
  2721  02EE  0DF0               	rlf	i1___bmul@multiplicand,f
  2722  02EF  1003               	clrc
  2723  02F0  0CF1               	rrf	i1___bmul@multiplier,f
  2724  02F1  0871               	movf	i1___bmul@multiplier,w
  2725  02F2  1D03               	btfss	3,2
  2726  02F3  2AEA               	goto	i1l2417
  2727  02F4  0872               	movf	i1___bmul@product,w
  2728  02F5  0008               	return
  2729  02F6                     __end_ofi1___bmul:	
  2730  02F6                     __ptext19:	
  2731 ;; *************** function i1_uart_send_string *****************
  2732 ;; Defined at:
  2733 ;;		line 40 in file "E:\1.workspace\7.other\17.charge_demo\charge_demo\06-release\SC8F096_Timer_Demo\uart_dbg.c"
  2734 ;; Parameters:    Size  Location     Type
  2735 ;;  str             1    wreg     PTR const unsigned char 
  2736 ;;		 -> STR_12(3), STR_11(5), STR_10(6), STR_9(5), 
  2737 ;;		 -> STR_8(4), STR_7(4), STR_6(4), STR_5(2), 
  2738 ;;		 -> STR_4(5), STR_3(7), STR_2(3), STR_1(11), 
  2739 ;; Auto vars:     Size  Location     Type
  2740 ;;  str             1    1[COMMON] PTR const unsigned char 
  2741 ;;		 -> STR_12(3), STR_11(5), STR_10(6), STR_9(5), 
  2742 ;;		 -> STR_8(4), STR_7(4), STR_6(4), STR_5(2), 
  2743 ;;		 -> STR_4(5), STR_3(7), STR_2(3), STR_1(11), 
  2744 ;; Return value:  Size  Location     Type
  2745 ;;                  1    wreg      void 
  2746 ;; Registers used:
  2747 ;;		wreg, fsr0l, fsr0h, status,2, status,0, pclath, cstack
  2748 ;; Tracked objects:
  2749 ;;		On entry : 0/0
  2750 ;;		On exit  : 0/0
  2751 ;;		Unchanged: 0/0
  2752 ;; Data sizes:     COMMON   BANK0   BANK1   BANK3   BANK2
  2753 ;;      Params:         0       0       0       0       0
  2754 ;;      Locals:         1       0       0       0       0
  2755 ;;      Temps:          0       0       0       0       0
  2756 ;;      Totals:         1       0       0       0       0
  2757 ;;Total ram usage:        1 bytes
  2758 ;; Hardware stack levels used:    1
  2759 ;; Hardware stack levels required when called:    1
  2760 ;; This function calls:
  2761 ;;		i1_uart_send_char
  2762 ;; This function is called by:
  2763 ;;		_Print_Status
  2764 ;; This function uses a non-reentrant model
  2765 ;;
  2766                           
  2767                           
  2768                           ;psect for function i1_uart_send_string
  2769  02F6                     i1_uart_send_string:	
  2770                           
  2771                           ;incstack = 0
  2772                           ; Regs used in i1_uart_send_string: [wreg-fsr0h+status,2+status,0+pclath+cstack]
  2773                           ;i1uart_send_string@str stored from wreg
  2774  02F6  00F1               	movwf	i1uart_send_string@str
  2775  02F7                     i1l2413:	
  2776                           ;uart_dbg.c: 42: while(*str != '\0')
  2777                           
  2778  02F7  0871               	movf	i1uart_send_string@str,w
  2779  02F8  0084               	movwf	4
  2780  02F9  120A  158A  2000  120A  118A  	fcall	stringdir
  2781  02FE  3A00               	xorlw	0
  2782  02FF  1903               	btfsc	3,2
  2783  0300  0008               	return
  2784                           
  2785                           ;uart_dbg.c: 43: uart_send_char(*str++);
  2786  0301  0871               	movf	i1uart_send_string@str,w
  2787  0302  0084               	movwf	4
  2788  0303  120A  158A  2000  120A  118A  	fcall	stringdir
  2789  0308  234A  120A  118A   	fcall	i1_uart_send_char
  2790  030B  0AF1               	incf	i1uart_send_string@str,f
  2791  030C  2AF7               	goto	i1l2413
  2792  030D                     __end_ofi1_uart_send_string:	
  2793  030D                     __ptext20:	
  2794 ;; *************** function _uart_send_number *****************
  2795 ;; Defined at:
  2796 ;;		line 53 in file "E:\1.workspace\7.other\17.charge_demo\charge_demo\06-release\SC8F096_Timer_Demo\uart_dbg.c"
  2797 ;; Parameters:    Size  Location     Type
  2798 ;;  num             2    7[COMMON] unsigned int 
  2799 ;; Auto vars:     Size  Location     Type
  2800 ;;  buf             6    0[BANK0 ] unsigned char [6]
  2801 ;;  j               1    7[BANK0 ] unsigned char 
  2802 ;;  i               1    6[BANK0 ] unsigned char 
  2803 ;; Return value:  Size  Location     Type
  2804 ;;                  1    wreg      void 
  2805 ;; Registers used:
  2806 ;;		wreg, fsr0l, fsr0h, status,2, status,0, pclath, cstack
  2807 ;; Tracked objects:
  2808 ;;		On entry : 300/0
  2809 ;;		On exit  : 0/0
  2810 ;;		Unchanged: 0/0
  2811 ;; Data sizes:     COMMON   BANK0   BANK1   BANK3   BANK2
  2812 ;;      Params:         2       0       0       0       0
  2813 ;;      Locals:         0       8       0       0       0
  2814 ;;      Temps:          0       0       0       0       0
  2815 ;;      Totals:         2       8       0       0       0
  2816 ;;Total ram usage:       10 bytes
  2817 ;; Hardware stack levels used:    1
  2818 ;; Hardware stack levels required when called:    1
  2819 ;; This function calls:
  2820 ;;		___lwdiv
  2821 ;;		___lwmod
  2822 ;;		i1_uart_send_char
  2823 ;; This function is called by:
  2824 ;;		_Print_Status
  2825 ;; This function uses a non-reentrant model
  2826 ;;
  2827                           
  2828                           
  2829                           ;psect for function _uart_send_number
  2830  030D                     _uart_send_number:	
  2831                           
  2832                           ;uart_dbg.c: 55: unsigned char buf[6];
  2833                           ;uart_dbg.c: 56: unsigned char i = 0;
  2834                           
  2835                           ;incstack = 0
  2836                           ; Regs used in _uart_send_number: [wreg-fsr0h+status,2+status,0+pclath+cstack]
  2837  030D  01A6               	clrf	uart_send_number@i
  2838                           
  2839                           ;uart_dbg.c: 57: unsigned char j;
  2840                           ;uart_dbg.c: 60: if(num == 0)
  2841  030E  0877               	movf	uart_send_number@num,w
  2842  030F  0478               	iorwf	uart_send_number@num+1,w
  2843  0310  1D03               	btfss	3,2
  2844  0311  2B35               	goto	i1l2341
  2845                           
  2846                           ;uart_dbg.c: 61: {
  2847                           ;uart_dbg.c: 62: uart_send_char('0');
  2848  0312  3030               	movlw	48
  2849  0313  234A               	fcall	i1_uart_send_char
  2850  0314  0008               	return
  2851  0315                     i1l2335:	
  2852                           
  2853                           ;uart_dbg.c: 68: {
  2854                           ;uart_dbg.c: 69: buf[i++] = '0' + (num % 10);
  2855  0315  0826               	movf	uart_send_number@i,w
  2856  0316  3E20               	addlw	(low (uart_send_number@buf| 0))& (0+255)
  2857  0317  0084               	movwf	4
  2858  0318  300A               	movlw	10
  2859  0319  00F0               	movwf	___lwmod@divisor
  2860  031A  01F1               	clrf	___lwmod@divisor+1
  2861  031B  0878               	movf	uart_send_number@num+1,w
  2862  031C  00F3               	movwf	___lwmod@dividend+1
  2863  031D  0877               	movf	uart_send_number@num,w
  2864  031E  00F2               	movwf	___lwmod@dividend
  2865  031F  237C  120A  118A   	fcall	___lwmod
  2866  0322  0870               	movf	?___lwmod,w
  2867  0323  3E30               	addlw	48
  2868  0324  1383               	bcf	3,7	;select IRP bank0
  2869  0325  0080               	movwf	0
  2870  0326  300A               	movlw	10
  2871  0327  0AA6               	incf	uart_send_number@i,f
  2872                           
  2873                           ;uart_dbg.c: 70: num /= 10;
  2874  0328  00F0               	movwf	___lwdiv@divisor
  2875  0329  01F1               	clrf	___lwdiv@divisor+1
  2876  032A  0878               	movf	uart_send_number@num+1,w
  2877  032B  00F3               	movwf	___lwdiv@dividend+1
  2878  032C  0877               	movf	uart_send_number@num,w
  2879  032D  00F2               	movwf	___lwdiv@dividend
  2880  032E  2352  120A  118A   	fcall	___lwdiv
  2881  0331  0871               	movf	?___lwdiv+1,w
  2882  0332  00F8               	movwf	uart_send_number@num+1
  2883  0333  0870               	movf	?___lwdiv,w
  2884  0334  00F7               	movwf	uart_send_number@num
  2885  0335                     i1l2341:	
  2886  0335  0877               	movf	uart_send_number@num,w
  2887  0336  0478               	iorwf	uart_send_number@num+1,w
  2888  0337  1D03               	btfss	3,2
  2889  0338  2B15               	goto	i1l2335
  2890                           
  2891                           ;uart_dbg.c: 71: }
  2892                           ;uart_dbg.c: 74: for(j = i; j > 0; j--)
  2893  0339  0826               	movf	uart_send_number@i,w
  2894  033A  00A7               	movwf	uart_send_number@j
  2895  033B                     i1l2345:	
  2896  033B  0827               	movf	uart_send_number@j,w
  2897  033C  1903               	btfsc	3,2
  2898  033D  0008               	return
  2899                           
  2900                           ;uart_dbg.c: 75: uart_send_char(buf[j-1]);
  2901  033E  3EFF               	addlw	255
  2902  033F  3E20               	addlw	(low (uart_send_number@buf| 0))& (0+255)
  2903  0340  0084               	movwf	4
  2904  0341  1383               	bcf	3,7	;select IRP bank0
  2905  0342  0800               	movf	0,w
  2906  0343  234A  120A  118A   	fcall	i1_uart_send_char
  2907  0346  1283               	bcf	3,5	;RP0=0, select bank0
  2908  0347  1303               	bcf	3,6	;RP1=0, select bank0
  2909  0348  03A7               	decf	uart_send_number@j,f
  2910  0349  2B3B               	goto	i1l2345
  2911  034A                     __end_of_uart_send_number:	
  2912  034A                     __ptext21:	
  2913 ;; *************** function i1_uart_send_char *****************
  2914 ;; Defined at:
  2915 ;;		line 28 in file "E:\1.workspace\7.other\17.charge_demo\charge_demo\06-release\SC8F096_Timer_Demo\uart_dbg.c"
  2916 ;; Parameters:    Size  Location     Type
  2917 ;;  c               1    wreg     unsigned char 
  2918 ;; Auto vars:     Size  Location     Type
  2919 ;;  c               1    0[COMMON] unsigned char 
  2920 ;; Return value:  Size  Location     Type
  2921 ;;                  1    wreg      void 
  2922 ;; Registers used:
  2923 ;;		wreg
  2924 ;; Tracked objects:
  2925 ;;		On entry : 0/0
  2926 ;;		On exit  : 300/300
  2927 ;;		Unchanged: 0/0
  2928 ;; Data sizes:     COMMON   BANK0   BANK1   BANK3   BANK2
  2929 ;;      Params:         0       0       0       0       0
  2930 ;;      Locals:         1       0       0       0       0
  2931 ;;      Temps:          0       0       0       0       0
  2932 ;;      Totals:         1       0       0       0       0
  2933 ;;Total ram usage:        1 bytes
  2934 ;; Hardware stack levels used:    1
  2935 ;; This function calls:
  2936 ;;		Nothing
  2937 ;; This function is called by:
  2938 ;;		_uart_send_number
  2939 ;;		i1_uart_send_string
  2940 ;; This function uses a non-reentrant model
  2941 ;;
  2942                           
  2943                           
  2944                           ;psect for function i1_uart_send_char
  2945  034A                     i1_uart_send_char:	
  2946                           
  2947                           ;incstack = 0
  2948                           ; Regs used in i1_uart_send_char: [wreg]
  2949                           ;i1uart_send_char@c stored from wreg
  2950  034A  00F0               	movwf	i1uart_send_char@c
  2951  034B                     i1l659:	
  2952                           ;uart_dbg.c: 30: while(TRMT1 == 0);
  2953                           
  2954  034B  1683               	bsf	3,5	;RP0=1, select bank3
  2955  034C  1703               	bsf	3,6	;RP1=1, select bank3
  2956  034D  1C85               	btfss	5,1	;volatile
  2957  034E  2B4B               	goto	i1l659
  2958                           
  2959                           ;uart_dbg.c: 31: TXREG1 = c;
  2960  034F  0870               	movf	i1uart_send_char@c,w
  2961  0350  0087               	movwf	7	;volatile
  2962  0351  0008               	return
  2963  0352                     __end_ofi1_uart_send_char:	
  2964  0352                     __ptext23:	
  2965 ;; *************** function ___lwdiv *****************
  2966 ;; Defined at:
  2967 ;;		line 6 in file "D:\6.software\58.SCMCU_IDE\SCMCU_IDE_V2.00.16\data\sources\common\lwdiv.c"
  2968 ;; Parameters:    Size  Location     Type
  2969 ;;  divisor         2    0[COMMON] unsigned int 
  2970 ;;  dividend        2    2[COMMON] unsigned int 
  2971 ;; Auto vars:     Size  Location     Type
  2972 ;;  quotient        2    4[COMMON] unsigned int 
  2973 ;;  counter         1    6[COMMON] unsigned char 
  2974 ;; Return value:  Size  Location     Type
  2975 ;;                  2    0[COMMON] unsigned int 
  2976 ;; Registers used:
  2977 ;;		wreg, status,2, status,0
  2978 ;; Tracked objects:
  2979 ;;		On entry : B00/0
  2980 ;;		On exit  : B00/0
  2981 ;;		Unchanged: B00/0
  2982 ;; Data sizes:     COMMON   BANK0   BANK1   BANK3   BANK2
  2983 ;;      Params:         4       0       0       0       0
  2984 ;;      Locals:         3       0       0       0       0
  2985 ;;      Temps:          0       0       0       0       0
  2986 ;;      Totals:         7       0       0       0       0
  2987 ;;Total ram usage:        7 bytes
  2988 ;; Hardware stack levels used:    1
  2989 ;; This function calls:
  2990 ;;		Nothing
  2991 ;; This function is called by:
  2992 ;;		_uart_send_number
  2993 ;; This function uses a non-reentrant model
  2994 ;;
  2995                           
  2996                           
  2997                           ;psect for function ___lwdiv
  2998  0352                     ___lwdiv:	
  2999                           
  3000                           ;incstack = 0
  3001                           ; Regs used in ___lwdiv: [wreg+status,2+status,0]
  3002  0352  01F4               	clrf	___lwdiv@quotient
  3003  0353  01F5               	clrf	___lwdiv@quotient+1
  3004  0354  0870               	movf	___lwdiv@divisor,w
  3005  0355  0471               	iorwf	___lwdiv@divisor+1,w
  3006  0356  1903               	btfsc	3,2
  3007  0357  2B77               	goto	i1l2239
  3008  0358  01F6               	clrf	___lwdiv@counter
  3009  0359                     L45:	
  3010  0359  0AF6               	incf	___lwdiv@counter,f
  3011  035A  1BF1               	btfsc	___lwdiv@divisor+1,7
  3012  035B  2B60               	goto	i1l2227
  3013  035C  1003               	clrc
  3014  035D  0DF0               	rlf	___lwdiv@divisor,f
  3015  035E  0DF1               	rlf	___lwdiv@divisor+1,f
  3016  035F  2B59               	goto	L45
  3017  0360                     i1l2227:	
  3018  0360  1003               	clrc
  3019  0361  0DF4               	rlf	___lwdiv@quotient,f
  3020  0362  0DF5               	rlf	___lwdiv@quotient+1,f
  3021  0363  0871               	movf	___lwdiv@divisor+1,w
  3022  0364  0273               	subwf	___lwdiv@dividend+1,w
  3023  0365  1D03               	skipz
  3024  0366  2B69               	goto	u167_25
  3025  0367  0870               	movf	___lwdiv@divisor,w
  3026  0368  0272               	subwf	___lwdiv@dividend,w
  3027  0369                     u167_25:	
  3028  0369  1C03               	skipc
  3029  036A  2B73               	goto	L46
  3030  036B  0870               	movf	___lwdiv@divisor,w
  3031  036C  02F2               	subwf	___lwdiv@dividend,f
  3032  036D  0871               	movf	___lwdiv@divisor+1,w
  3033  036E  1C03               	skipc
  3034  036F  03F3               	decf	___lwdiv@dividend+1,f
  3035  0370  02F3               	subwf	___lwdiv@dividend+1,f
  3036  0371  1474               	bsf	___lwdiv@quotient,0
  3037  0372  1003               	clrc
  3038  0373                     L46:	
  3039  0373  0CF1               	rrf	___lwdiv@divisor+1,f
  3040  0374  0CF0               	rrf	___lwdiv@divisor,f
  3041  0375  0BF6               	decfsz	___lwdiv@counter,f
  3042  0376  2B60               	goto	i1l2227
  3043  0377                     i1l2239:	
  3044  0377  0875               	movf	___lwdiv@quotient+1,w
  3045  0378  00F1               	movwf	?___lwdiv+1
  3046  0379  0874               	movf	___lwdiv@quotient,w
  3047  037A  00F0               	movwf	?___lwdiv
  3048  037B  0008               	return
  3049  037C                     __end_of___lwdiv:	
  3050  037C                     __ptext22:	
  3051 ;; *************** function ___lwmod *****************
  3052 ;; Defined at:
  3053 ;;		line 6 in file "D:\6.software\58.SCMCU_IDE\SCMCU_IDE_V2.00.16\data\sources\common\lwmod.c"
  3054 ;; Parameters:    Size  Location     Type
  3055 ;;  divisor         2    0[COMMON] unsigned int 
  3056 ;;  dividend        2    2[COMMON] unsigned int 
  3057 ;; Auto vars:     Size  Location     Type
  3058 ;;  counter         1    4[COMMON] unsigned char 
  3059 ;; Return value:  Size  Location     Type
  3060 ;;                  2    0[COMMON] unsigned int 
  3061 ;; Registers used:
  3062 ;;		wreg, status,2, status,0
  3063 ;; Tracked objects:
  3064 ;;		On entry : 300/0
  3065 ;;		On exit  : 300/0
  3066 ;;		Unchanged: 300/0
  3067 ;; Data sizes:     COMMON   BANK0   BANK1   BANK3   BANK2
  3068 ;;      Params:         4       0       0       0       0
  3069 ;;      Locals:         1       0       0       0       0
  3070 ;;      Temps:          0       0       0       0       0
  3071 ;;      Totals:         5       0       0       0       0
  3072 ;;Total ram usage:        5 bytes
  3073 ;; Hardware stack levels used:    1
  3074 ;; This function calls:
  3075 ;;		Nothing
  3076 ;; This function is called by:
  3077 ;;		_uart_send_number
  3078 ;; This function uses a non-reentrant model
  3079 ;;
  3080                           
  3081                           
  3082                           ;psect for function ___lwmod
  3083  037C                     ___lwmod:	
  3084                           
  3085                           ;incstack = 0
  3086                           ; Regs used in ___lwmod: [wreg+status,2+status,0]
  3087  037C  0870               	movf	___lwmod@divisor,w
  3088  037D  0471               	iorwf	___lwmod@divisor+1,w
  3089  037E  1903               	btfsc	3,2
  3090  037F  2B9B               	goto	i1l2259
  3091  0380  01F4               	clrf	___lwmod@counter
  3092  0381                     L43:	
  3093  0381  0AF4               	incf	___lwmod@counter,f
  3094  0382  1BF1               	btfsc	___lwmod@divisor+1,7
  3095  0383  2B88               	goto	i1l2251
  3096  0384  1003               	clrc
  3097  0385  0DF0               	rlf	___lwmod@divisor,f
  3098  0386  0DF1               	rlf	___lwmod@divisor+1,f
  3099  0387  2B81               	goto	L43
  3100  0388                     i1l2251:	
  3101  0388  0871               	movf	___lwmod@divisor+1,w
  3102  0389  0273               	subwf	___lwmod@dividend+1,w
  3103  038A  1D03               	skipz
  3104  038B  2B8E               	goto	u171_25
  3105  038C  0870               	movf	___lwmod@divisor,w
  3106  038D  0272               	subwf	___lwmod@dividend,w
  3107  038E                     u171_25:	
  3108  038E  1C03               	skipc
  3109  038F  2B97               	goto	L44
  3110  0390  0870               	movf	___lwmod@divisor,w
  3111  0391  02F2               	subwf	___lwmod@dividend,f
  3112  0392  0871               	movf	___lwmod@divisor+1,w
  3113  0393  1C03               	skipc
  3114  0394  03F3               	decf	___lwmod@dividend+1,f
  3115  0395  02F3               	subwf	___lwmod@dividend+1,f
  3116  0396  1003               	clrc
  3117  0397                     L44:	
  3118  0397  0CF1               	rrf	___lwmod@divisor+1,f
  3119  0398  0CF0               	rrf	___lwmod@divisor,f
  3120  0399  0BF4               	decfsz	___lwmod@counter,f
  3121  039A  2B88               	goto	i1l2251
  3122  039B                     i1l2259:	
  3123  039B  0873               	movf	___lwmod@dividend+1,w
  3124  039C  00F1               	movwf	?___lwmod+1
  3125  039D  0872               	movf	___lwmod@dividend,w
  3126  039E  00F0               	movwf	?___lwmod
  3127  039F  0008               	return
  3128  03A0                     __end_of___lwmod:	
  3129  03A0                     __ptext24:	
  3130 ;; *************** function _PowerOnLedSequence *****************
  3131 ;; Defined at:
  3132 ;;		line 95 in file "E:\1.workspace\7.other\17.charge_demo\charge_demo\06-release\SC8F096_Timer_Demo\led.c"
  3133 ;; Parameters:    Size  Location     Type
  3134 ;;		None
  3135 ;; Auto vars:     Size  Location     Type
  3136 ;;		None
  3137 ;; Return value:  Size  Location     Type
  3138 ;;                  1    wreg      void 
  3139 ;; Registers used:
  3140 ;;		wreg, status,2, status,0
  3141 ;; Tracked objects:
  3142 ;;		On entry : 300/0
  3143 ;;		On exit  : 0/0
  3144 ;;		Unchanged: 0/0
  3145 ;; Data sizes:     COMMON   BANK0   BANK1   BANK3   BANK2
  3146 ;;      Params:         0       0       0       0       0
  3147 ;;      Locals:         0       0       0       0       0
  3148 ;;      Temps:          0       0       0       0       0
  3149 ;;      Totals:         0       0       0       0       0
  3150 ;;Total ram usage:        0 bytes
  3151 ;; Hardware stack levels used:    1
  3152 ;; This function calls:
  3153 ;;		Nothing
  3154 ;; This function is called by:
  3155 ;;		_Interrupt_Isr
  3156 ;; This function uses a non-reentrant model
  3157 ;;
  3158                           
  3159                           
  3160                           ;psect for function _PowerOnLedSequence
  3161  03A0                     _PowerOnLedSequence:	
  3162                           
  3163                           ;led.c: 97: g_powerOnTimer++;
  3164                           
  3165                           ;incstack = 0
  3166                           ; Regs used in _PowerOnLedSequence: [wreg+status,2+status,0]
  3167  03A0  1683               	bsf	3,5	;RP0=1, select bank1
  3168  03A1  0AAE               	incf	_g_powerOnTimer^(0+128),f
  3169  03A2  1903               	skipnz
  3170  03A3  0AAF               	incf	(_g_powerOnTimer+1)^(0+128),f
  3171                           
  3172                           ;led.c: 99: if(g_powerOnPhase == 0)
  3173  03A4  1283               	bcf	3,5	;RP0=0, select bank0
  3174  03A5  0852               	movf	_g_powerOnPhase,w
  3175  03A6  1D03               	btfss	3,2
  3176  03A7  2BBA               	goto	i1l2609
  3177                           
  3178                           ;led.c: 100: {
  3179                           ;led.c: 102: RC5 = 1;
  3180  03A8  1703               	bsf	3,6	;RP1=1, select bank2
  3181  03A9  1686               	bsf	6,5	;volatile
  3182                           
  3183                           ;led.c: 103: RC4 = 1;
  3184  03AA  1606               	bsf	6,4	;volatile
  3185                           
  3186                           ;led.c: 104: if(g_powerOnTimer >= 111)
  3187  03AB  3000               	movlw	0
  3188  03AC  1683               	bsf	3,5	;RP0=1, select bank1
  3189  03AD  1303               	bcf	3,6	;RP1=0, select bank1
  3190  03AE  022F               	subwf	(_g_powerOnTimer+1)^(0+128),w
  3191  03AF  306F               	movlw	111
  3192  03B0  1903               	skipnz
  3193  03B1  022E               	subwf	_g_powerOnTimer^(0+128),w
  3194  03B2  1C03               	skipc
  3195  03B3  0008               	return
  3196                           
  3197                           ;led.c: 105: {
  3198                           ;led.c: 106: g_powerOnTimer = 0;
  3199  03B4  01AE               	clrf	_g_powerOnTimer^(0+128)
  3200  03B5  01AF               	clrf	(_g_powerOnTimer+1)^(0+128)
  3201                           
  3202                           ;led.c: 107: g_powerOnPhase = 1;
  3203  03B6  1283               	bcf	3,5	;RP0=0, select bank0
  3204  03B7  01D2               	clrf	_g_powerOnPhase
  3205  03B8  0AD2               	incf	_g_powerOnPhase,f
  3206  03B9  0008               	return
  3207  03BA                     i1l2609:	
  3208                           
  3209                           ;led.c: 110: else if(g_powerOnPhase == 1)
  3210  03BA  0B52               	decfsz	_g_powerOnPhase,w
  3211  03BB  0008               	return
  3212                           
  3213                           ;led.c: 111: {
  3214                           ;led.c: 113: if(g_powerOnTimer >= 111)
  3215  03BC  3000               	movlw	0
  3216  03BD  1683               	bsf	3,5	;RP0=1, select bank1
  3217  03BE  022F               	subwf	(_g_powerOnTimer+1)^(0+128),w
  3218  03BF  306F               	movlw	111
  3219  03C0  1903               	skipnz
  3220  03C1  022E               	subwf	_g_powerOnTimer^(0+128),w
  3221  03C2  1C03               	skipc
  3222  03C3  0008               	return
  3223  03C4  3002               	movlw	2
  3224                           
  3225                           ;led.c: 114: {
  3226                           ;led.c: 115: g_powerOnTimer = 0;
  3227  03C5  01AE               	clrf	_g_powerOnTimer^(0+128)
  3228  03C6  01AF               	clrf	(_g_powerOnTimer+1)^(0+128)
  3229                           
  3230                           ;led.c: 116: g_powerOnPhase = 2;
  3231  03C7  1283               	bcf	3,5	;RP0=0, select bank0
  3232  03C8  00D2               	movwf	_g_powerOnPhase
  3233                           
  3234                           ;led.c: 117: RC5 = 0;
  3235  03C9  1703               	bsf	3,6	;RP1=1, select bank2
  3236  03CA  1286               	bcf	6,5	;volatile
  3237                           
  3238                           ;led.c: 118: RC4 = 0;
  3239  03CB  1206               	bcf	6,4	;volatile
  3240  03CC  0008               	return
  3241  03CD                     __end_of_PowerOnLedSequence:	
  3242  03CD                     __ptext16:	
  3243 ;; *************** function _ADC_ReadChannel *****************
  3244 ;; Defined at:
  3245 ;;		line 131 in file "E:\1.workspace\7.other\17.charge_demo\charge_demo\06-release\SC8F096_Timer_Demo\adc_drv.c"
  3246 ;; Parameters:    Size  Location     Type
  3247 ;;  ch              1    wreg     unsigned char 
  3248 ;; Auto vars:     Size  Location     Type
  3249 ;;  ch              1    8[COMMON] unsigned char 
  3250 ;; Return value:  Size  Location     Type
  3251 ;;                  2    5[COMMON] unsigned int 
  3252 ;; Registers used:
  3253 ;;		wreg, status,2, status,0, pclath, cstack
  3254 ;; Tracked objects:
  3255 ;;		On entry : 100/0
  3256 ;;		On exit  : 0/0
  3257 ;;		Unchanged: 0/0
  3258 ;; Data sizes:     COMMON   BANK0   BANK1   BANK3   BANK2
  3259 ;;      Params:         2       0       0       0       0
  3260 ;;      Locals:         1       0       0       0       0
  3261 ;;      Temps:          1       0       0       0       0
  3262 ;;      Totals:         4       0       0       0       0
  3263 ;;Total ram usage:        4 bytes
  3264 ;; Hardware stack levels used:    1
  3265 ;; Hardware stack levels required when called:    1
  3266 ;; This function calls:
  3267 ;;		_ADC_Sample
  3268 ;; This function is called by:
  3269 ;;		_Interrupt_Isr
  3270 ;;		_Read_Temperature
  3271 ;; This function uses a non-reentrant model
  3272 ;;
  3273                           
  3274                           
  3275                           ;psect for function _ADC_ReadChannel
  3276  03CD                     _ADC_ReadChannel:	
  3277                           
  3278                           ;incstack = 0
  3279                           ; Regs used in _ADC_ReadChannel: [wreg+status,2+status,0+pclath+cstack]
  3280                           ;ADC_ReadChannel@ch stored from wreg
  3281  03CD  00F8               	movwf	ADC_ReadChannel@ch
  3282                           
  3283                           ;adc_drv.c: 133: test_adc = ADC_Sample(ch, 7);
  3284  03CE  3007               	movlw	7
  3285  03CF  00F0               	movwf	ADC_Sample@adldo
  3286  03D0  0878               	movf	ADC_ReadChannel@ch,w
  3287  03D1  120A  118A  26F7  120A  118A  	fcall	_ADC_Sample
  3288  03D6  00D5               	movwf	_test_adc	;volatile
  3289                           
  3290                           ;adc_drv.c: 134: if (0xA5 == test_adc)
  3291  03D7  30A5               	movlw	165
  3292  03D8  0655               	xorwf	_test_adc,w	;volatile
  3293  03D9  1D03               	btfss	3,2
  3294  03DA  2BE0               	goto	i1l2275
  3295                           
  3296                           ;adc_drv.c: 135: return adresult;
  3297  03DB  0858               	movf	_adresult+1,w	;volatile
  3298  03DC  00F6               	movwf	?_ADC_ReadChannel+1
  3299  03DD  0857               	movf	_adresult,w	;volatile
  3300  03DE  00F5               	movwf	?_ADC_ReadChannel
  3301  03DF  0008               	return
  3302  03E0                     i1l2275:	
  3303                           
  3304                           ;adc_drv.c: 138: ADCON0 = 0;
  3305  03E0  1683               	bsf	3,5	;RP0=1, select bank1
  3306  03E1  0195               	clrf	21	;volatile
  3307                           
  3308                           ;adc_drv.c: 139: ADCON1 = 0;
  3309  03E2  0196               	clrf	22	;volatile
  3310                           
  3311                           ;adc_drv.c: 140: _delay((unsigned long)((100)*(16000000/4000000.0)));
  3312  03E3  3085               	movlw	133
  3313  03E4  00F7               	movwf	??_ADC_ReadChannel
  3314  03E5                     u437_27:	
  3315  03E5  0BF7               	decfsz	??_ADC_ReadChannel,f
  3316  03E6  2BE5               	goto	u437_27
  3317                           
  3318                           ;adc_drv.c: 141: return 0;
  3319  03E7  01F5               	clrf	?_ADC_ReadChannel
  3320  03E8  01F6               	clrf	?_ADC_ReadChannel+1
  3321  03E9  0008               	return
  3322  03EA                     __end_of_ADC_ReadChannel:	
  3323  03EA                     __ptext6:	
  3324 ;; *************** function ___lwtoft *****************
  3325 ;; Defined at:
  3326 ;;		line 28 in file "D:\6.software\58.SCMCU_IDE\SCMCU_IDE_V2.00.16\data\sources\common\lwtoft.c"
  3327 ;; Parameters:    Size  Location     Type
  3328 ;;  c               2    8[COMMON] unsigned int 
  3329 ;; Auto vars:     Size  Location     Type
  3330 ;;		None
  3331 ;; Return value:  Size  Location     Type
  3332 ;;                  3    8[COMMON] float 
  3333 ;; Registers used:
  3334 ;;		wreg, status,2, status,0, pclath, cstack
  3335 ;; Tracked objects:
  3336 ;;		On entry : 300/0
  3337 ;;		On exit  : 300/0
  3338 ;;		Unchanged: 300/0
  3339 ;; Data sizes:     COMMON   BANK0   BANK1   BANK3   BANK2
  3340 ;;      Params:         3       0       0       0       0
  3341 ;;      Locals:         0       0       0       0       0
  3342 ;;      Temps:          0       0       0       0       0
  3343 ;;      Totals:         3       0       0       0       0
  3344 ;;Total ram usage:        3 bytes
  3345 ;; Hardware stack levels used:    1
  3346 ;; Hardware stack levels required when called:    1
  3347 ;; This function calls:
  3348 ;;		___ftpack
  3349 ;; This function is called by:
  3350 ;;		_Interrupt_Isr
  3351 ;; This function uses a non-reentrant model
  3352 ;;
  3353                           
  3354                           
  3355                           ;psect for function ___lwtoft
  3356  03EA                     ___lwtoft:	
  3357                           
  3358                           ;incstack = 0
  3359                           ; Regs used in ___lwtoft: [wreg+status,2+status,0+pclath+cstack]
  3360  03EA  0878               	movf	___lwtoft@c,w
  3361  03EB  00F0               	movwf	___ftpack@arg
  3362  03EC  0879               	movf	___lwtoft@c+1,w
  3363  03ED  00F1               	movwf	___ftpack@arg+1
  3364  03EE  308E               	movlw	142
  3365  03EF  01F2               	clrf	___ftpack@arg+2
  3366  03F0  00F3               	movwf	___ftpack@exp
  3367  03F1  01F4               	clrf	___ftpack@sign
  3368  03F2  120A  158A  2591   	fcall	___ftpack
  3369  03F5  0870               	movf	?___ftpack,w
  3370  03F6  00F8               	movwf	?___lwtoft
  3371  03F7  0871               	movf	?___ftpack+1,w
  3372  03F8  00F9               	movwf	?___lwtoft+1
  3373  03F9  0872               	movf	?___ftpack+2,w
  3374  03FA  00FA               	movwf	?___lwtoft+2
  3375  03FB  0008               	return
  3376  03FC                     __end_of___lwtoft:	
  3377  03FC                     PL12:	
  3378  03FC  3006               	movlw	6
  3379  03FD  1283               	bcf	3,5	;RP0=0, select bank0
  3380  03FE  1303               	bcf	3,6	;RP1=0, select bank0
  3381  03FF  022F               	subwf	Print_Status@i,w
  3382  0400  300C               	movlw	12
  3383  0401  00F0               	movwf	i1___bmul@multiplicand
  3384  0402  082F               	movf	Print_Status@i,w
  3385  0403  0008               	return
  3386  0404                     __end_ofPL12:	
  3387  0404                     PL20:	
  3388  0404  3006               	movlw	6
  3389  0405  027A               	subwf	Led_BlinkProcess@i,w
  3390  0406  300C               	movlw	12
  3391  0407  00F0               	movwf	i1___bmul@multiplicand
  3392  0408  087A               	movf	Led_BlinkProcess@i,w
  3393  0409  0008               	return
  3394  040A                     __end_ofPL20:	
  3395  040A                     PL22:	
  3396  040A  3006               	movlw	6
  3397  040B  022F               	subwf	Print_Status@i,w
  3398  040C  300C               	movlw	12
  3399  040D  00F0               	movwf	i1___bmul@multiplicand
  3400  040E  082F               	movf	Print_Status@i,w
  3401  040F  0008               	return
  3402  0410                     __end_ofPL22:	
  3403  0410                     PL24:	
  3404  0410  0084               	movwf	4
  3405  0411  1783               	bsf	3,7	;select IRP bank2
  3406  0412  0800               	movf	0,w
  3407  0413  00F7               	movwf	uart_send_number@num
  3408  0414  01F8               	clrf	uart_send_number@num+1
  3409  0415  0008               	return
  3410  0416                     __end_ofPL24:	
  3411                           
  3412                           	psect	intentry
  3413  0004                     __pintentry:	
  3414                           ;incstack = 0
  3415                           ; Regs used in _Interrupt_Isr: [wreg-fsr0h+status,2+status,0+btemp+1+pclath+cstack]
  3416                           
  3417  0004                     interrupt_function:	
  3418  007E                     saved_w	set	btemp
  3419  0004  00FE               	movwf	btemp
  3420  0005  0E03               	swapf	3,w
  3421  0006  1283               	bcf	3,5	;RP0=0, select bank0
  3422  0007  1303               	bcf	3,6	;RP1=0, select bank0
  3423  0008  00BA               	movwf	??_Interrupt_Isr+1
  3424  0009  0804               	movf	4,w
  3425  000A  00BB               	movwf	??_Interrupt_Isr+2
  3426  000B  080A               	movf	10,w
  3427  000C  00BC               	movwf	??_Interrupt_Isr+3
  3428  000D  087F               	movf	btemp+1,w
  3429  000E  00BD               	movwf	??_Interrupt_Isr+4
  3430  000F  120A  118A  2838   	ljmp	_Interrupt_Isr
  3431                           
  3432                           	psect	text7
  3433  0CC7                     __ptext7:	
  3434 ;; *************** function ___fttol *****************
  3435 ;; Defined at:
  3436 ;;		line 44 in file "D:\6.software\58.SCMCU_IDE\SCMCU_IDE_V2.00.16\data\sources\common\fttol.c"
  3437 ;; Parameters:    Size  Location     Type
  3438 ;;  f1              3   12[BANK0 ] float 
  3439 ;; Auto vars:     Size  Location     Type
  3440 ;;  lval            4   20[BANK0 ] unsigned long 
  3441 ;;  exp1            1   24[BANK0 ] unsigned char 
  3442 ;;  sign1           1   19[BANK0 ] unsigned char 
  3443 ;; Return value:  Size  Location     Type
  3444 ;;                  4   12[BANK0 ] long 
  3445 ;; Registers used:
  3446 ;;		wreg, status,2, status,0
  3447 ;; Tracked objects:
  3448 ;;		On entry : 300/0
  3449 ;;		On exit  : 300/0
  3450 ;;		Unchanged: 0/0
  3451 ;; Data sizes:     COMMON   BANK0   BANK1   BANK3   BANK2
  3452 ;;      Params:         0       4       0       0       0
  3453 ;;      Locals:         0       6       0       0       0
  3454 ;;      Temps:          0       3       0       0       0
  3455 ;;      Totals:         0      13       0       0       0
  3456 ;;Total ram usage:       13 bytes
  3457 ;; Hardware stack levels used:    1
  3458 ;; This function calls:
  3459 ;;		Nothing
  3460 ;; This function is called by:
  3461 ;;		_Interrupt_Isr
  3462 ;; This function uses a non-reentrant model
  3463 ;;
  3464                           
  3465                           
  3466                           ;psect for function ___fttol
  3467  0CC7                     ___fttol:	
  3468                           
  3469                           ;incstack = 0
  3470                           ; Regs used in ___fttol: [wreg+status,2+status,0]
  3471  0CC7  2522  120A  158A   	fcall	PL18	;call to abstracted procedure
  3472  0CCA  1003               	clrc
  3473  0CCB  0D31               	rlf	??___fttol+1,w
  3474  0CCC  0D32               	rlf	??___fttol+2,w
  3475  0CCD  00B8               	movwf	___fttol@exp1
  3476  0CCE  0838               	movf	___fttol@exp1,w
  3477  0CCF  1D03               	btfss	3,2
  3478  0CD0  2CD6               	goto	i1l3903
  3479  0CD1                     i1l3901:	
  3480  0CD1  01AC               	clrf	?___fttol
  3481  0CD2  01AD               	clrf	?___fttol+1
  3482  0CD3  01AE               	clrf	?___fttol+2
  3483  0CD4  01AF               	clrf	?___fttol+3
  3484  0CD5  0008               	return
  3485  0CD6                     i1l3903:	
  3486  0CD6  2522  120A  158A   	fcall	PL18	;call to abstracted procedure
  3487  0CD9  3017               	movlw	23
  3488  0CDA                     u419_25:	
  3489  0CDA  1003               	clrc
  3490  0CDB  0CB2               	rrf	??___fttol+2,f
  3491  0CDC  0CB1               	rrf	??___fttol+1,f
  3492  0CDD  0CB0               	rrf	??___fttol,f
  3493  0CDE  3EFF               	addlw	-1
  3494  0CDF  1D03               	skipz
  3495  0CE0  2CDA               	goto	u419_25
  3496  0CE1  0830               	movf	??___fttol,w
  3497  0CE2  00B3               	movwf	___fttol@sign1
  3498  0CE3  17AD               	bsf	___fttol@f1+1,7
  3499  0CE4  01AE               	clrf	___fttol@f1+2
  3500  0CE5  082C               	movf	___fttol@f1,w
  3501  0CE6  00B4               	movwf	___fttol@lval
  3502  0CE7  082D               	movf	___fttol@f1+1,w
  3503  0CE8  00B5               	movwf	___fttol@lval+1
  3504  0CE9  082E               	movf	___fttol@f1+2,w
  3505  0CEA  00B6               	movwf	___fttol@lval+2
  3506  0CEB  308E               	movlw	142
  3507  0CEC  01B7               	clrf	___fttol@lval+3
  3508  0CED  02B8               	subwf	___fttol@exp1,f
  3509  0CEE  1FB8               	btfss	___fttol@exp1,7
  3510  0CEF  2CFD               	goto	i1l3923
  3511  0CF0  0838               	movf	___fttol@exp1,w
  3512  0CF1  3A80               	xorlw	128
  3513  0CF2  3E8F               	addlw	143
  3514  0CF3  1C03               	btfss	3,0
  3515  0CF4  2CD1               	goto	i1l3901
  3516  0CF5                     i1l3919:	
  3517  0CF5  1003               	clrc
  3518  0CF6  0CB7               	rrf	___fttol@lval+3,f
  3519  0CF7  0CB6               	rrf	___fttol@lval+2,f
  3520  0CF8  0CB5               	rrf	___fttol@lval+1,f
  3521  0CF9  0CB4               	rrf	___fttol@lval,f
  3522  0CFA  0FB8               	incfsz	___fttol@exp1,f
  3523  0CFB  2CF5               	goto	i1l3919
  3524  0CFC  2D0B               	goto	i1l3931
  3525  0CFD                     i1l3923:	
  3526  0CFD  3018               	movlw	24
  3527  0CFE  0238               	subwf	___fttol@exp1,w
  3528  0CFF  1803               	btfsc	3,0
  3529  0D00  2CD1               	goto	i1l3901
  3530  0D01                     i1l3929:	
  3531  0D01  0838               	movf	___fttol@exp1,w
  3532  0D02  1903               	btfsc	3,2
  3533  0D03  2D0B               	goto	i1l3931
  3534  0D04  1003               	clrc
  3535  0D05  0DB4               	rlf	___fttol@lval,f
  3536  0D06  0DB5               	rlf	___fttol@lval+1,f
  3537  0D07  0DB6               	rlf	___fttol@lval+2,f
  3538  0D08  0DB7               	rlf	___fttol@lval+3,f
  3539  0D09  03B8               	decf	___fttol@exp1,f
  3540  0D0A  2D01               	goto	i1l3929
  3541  0D0B                     i1l3931:	
  3542  0D0B  0833               	movf	___fttol@sign1,w
  3543  0D0C  1903               	btfsc	3,2
  3544  0D0D  2D19               	goto	i1l3935
  3545  0D0E  09B4               	comf	___fttol@lval,f
  3546  0D0F  09B5               	comf	___fttol@lval+1,f
  3547  0D10  09B6               	comf	___fttol@lval+2,f
  3548  0D11  09B7               	comf	___fttol@lval+3,f
  3549  0D12  0AB4               	incf	___fttol@lval,f
  3550  0D13  1903               	skipnz
  3551  0D14  0AB5               	incf	___fttol@lval+1,f
  3552  0D15  1903               	skipnz
  3553  0D16  0AB6               	incf	___fttol@lval+2,f
  3554  0D17  1903               	skipnz
  3555  0D18  0AB7               	incf	___fttol@lval+3,f
  3556  0D19                     i1l3935:	
  3557  0D19  0837               	movf	___fttol@lval+3,w
  3558  0D1A  00AF               	movwf	?___fttol+3
  3559  0D1B  0836               	movf	___fttol@lval+2,w
  3560  0D1C  00AE               	movwf	?___fttol+2
  3561  0D1D  0835               	movf	___fttol@lval+1,w
  3562  0D1E  00AD               	movwf	?___fttol+1
  3563  0D1F  0834               	movf	___fttol@lval,w
  3564  0D20  00AC               	movwf	?___fttol
  3565  0D21  0008               	return
  3566  0D22                     __end_of___fttol:	
  3567  0D22                     PL18:	
  3568  0D22  082C               	movf	___fttol@f1,w
  3569  0D23  00B0               	movwf	??___fttol
  3570  0D24  082D               	movf	___fttol@f1+1,w
  3571  0D25  00B1               	movwf	??___fttol+1
  3572  0D26  082E               	movf	___fttol@f1+2,w
  3573  0D27  00B2               	movwf	??___fttol+2
  3574  0D28  0008               	return
  3575  0D29                     __end_ofPL18:	
  3576                           
  3577                           	psect	text8
  3578  0D29                     __ptext8:	
  3579 ;; *************** function ___ftdiv *****************
  3580 ;; Defined at:
  3581 ;;		line 56 in file "D:\6.software\58.SCMCU_IDE\SCMCU_IDE_V2.00.16\data\sources\common\ftdiv.c"
  3582 ;; Parameters:    Size  Location     Type
  3583 ;;  f2              3    0[BANK0 ] float 
  3584 ;;  f1              3    3[BANK0 ] float 
  3585 ;; Auto vars:     Size  Location     Type
  3586 ;;  f3              3    7[BANK0 ] float 
  3587 ;;  sign            1   11[BANK0 ] unsigned char 
  3588 ;;  exp             1   10[BANK0 ] unsigned char 
  3589 ;;  cntr            1    6[BANK0 ] unsigned char 
  3590 ;; Return value:  Size  Location     Type
  3591 ;;                  3    0[BANK0 ] float 
  3592 ;; Registers used:
  3593 ;;		wreg, status,2, status,0, pclath, cstack
  3594 ;; Tracked objects:
  3595 ;;		On entry : 300/0
  3596 ;;		On exit  : 300/0
  3597 ;;		Unchanged: 0/0
  3598 ;; Data sizes:     COMMON   BANK0   BANK1   BANK3   BANK2
  3599 ;;      Params:         0       6       0       0       0
  3600 ;;      Locals:         0       6       0       0       0
  3601 ;;      Temps:          3       0       0       0       0
  3602 ;;      Totals:         3      12       0       0       0
  3603 ;;Total ram usage:       15 bytes
  3604 ;; Hardware stack levels used:    1
  3605 ;; Hardware stack levels required when called:    1
  3606 ;; This function calls:
  3607 ;;		___ftpack
  3608 ;; This function is called by:
  3609 ;;		_Interrupt_Isr
  3610 ;; This function uses a non-reentrant model
  3611 ;;
  3612                           
  3613                           
  3614                           ;psect for function ___ftdiv
  3615  0D29                     ___ftdiv:	
  3616                           
  3617                           ;incstack = 0
  3618                           ; Regs used in ___ftdiv: [wreg+status,2+status,0+pclath+cstack]
  3619  0D29  0823               	movf	___ftdiv@f1,w
  3620  0D2A  00FB               	movwf	??___ftdiv
  3621  0D2B  0824               	movf	___ftdiv@f1+1,w
  3622  0D2C  00FC               	movwf	??___ftdiv+1
  3623  0D2D  0825               	movf	___ftdiv@f1+2,w
  3624  0D2E  00FD               	movwf	??___ftdiv+2
  3625  0D2F  1003               	clrc
  3626  0D30  0D7C               	rlf	??___ftdiv+1,w
  3627  0D31  0D7D               	rlf	??___ftdiv+2,w
  3628  0D32  00AA               	movwf	___ftdiv@exp
  3629  0D33  082A               	movf	___ftdiv@exp,w
  3630  0D34  1D03               	btfss	3,2
  3631  0D35  2D3A               	goto	i1l3863
  3632  0D36  01A0               	clrf	?___ftdiv
  3633  0D37  01A1               	clrf	?___ftdiv+1
  3634  0D38  01A2               	clrf	?___ftdiv+2
  3635  0D39  0008               	return
  3636  0D3A                     i1l3863:	
  3637  0D3A  0820               	movf	___ftdiv@f2,w
  3638  0D3B  00FB               	movwf	??___ftdiv
  3639  0D3C  0821               	movf	___ftdiv@f2+1,w
  3640  0D3D  00FC               	movwf	??___ftdiv+1
  3641  0D3E  0822               	movf	___ftdiv@f2+2,w
  3642  0D3F  00FD               	movwf	??___ftdiv+2
  3643  0D40  1003               	clrc
  3644  0D41  0D7C               	rlf	??___ftdiv+1,w
  3645  0D42  0D7D               	rlf	??___ftdiv+2,w
  3646  0D43  00AB               	movwf	___ftdiv@sign
  3647  0D44  082B               	movf	___ftdiv@sign,w
  3648  0D45  1D03               	btfss	3,2
  3649  0D46  2D4B               	goto	i1l931
  3650  0D47  01A0               	clrf	?___ftdiv
  3651  0D48  01A1               	clrf	?___ftdiv+1
  3652  0D49  01A2               	clrf	?___ftdiv+2
  3653  0D4A  0008               	return
  3654  0D4B                     i1l931:	
  3655  0D4B  3089               	movlw	137
  3656  0D4C  01A7               	clrf	___ftdiv@f3
  3657  0D4D  01A8               	clrf	___ftdiv@f3+1
  3658  0D4E  01A9               	clrf	___ftdiv@f3+2
  3659  0D4F  072B               	addwf	___ftdiv@sign,w
  3660  0D50  00FB               	movwf	??___ftdiv
  3661  0D51  02AA               	subwf	___ftdiv@exp,f
  3662  0D52  0825               	movf	___ftdiv@f1+2,w
  3663  0D53  00AB               	movwf	___ftdiv@sign
  3664  0D54  0822               	movf	___ftdiv@f2+2,w
  3665  0D55  06AB               	xorwf	___ftdiv@sign,f
  3666  0D56  3080               	movlw	128
  3667  0D57  05AB               	andwf	___ftdiv@sign,f
  3668  0D58  3018               	movlw	24
  3669  0D59  17A4               	bsf	___ftdiv@f1+1,7
  3670  0D5A  01A5               	clrf	___ftdiv@f1+2
  3671  0D5B  17A1               	bsf	___ftdiv@f2+1,7
  3672  0D5C  01A2               	clrf	___ftdiv@f2+2
  3673  0D5D  00A6               	movwf	___ftdiv@cntr
  3674  0D5E                     i1l3885:	
  3675  0D5E  1003               	clrc
  3676  0D5F  0DA7               	rlf	___ftdiv@f3,f
  3677  0D60  0DA8               	rlf	___ftdiv@f3+1,f
  3678  0D61  0DA9               	rlf	___ftdiv@f3+2,f
  3679  0D62  0822               	movf	___ftdiv@f2+2,w
  3680  0D63  0225               	subwf	___ftdiv@f1+2,w
  3681  0D64  1D03               	skipz
  3682  0D65  2D6C               	goto	u416_25
  3683  0D66  0821               	movf	___ftdiv@f2+1,w
  3684  0D67  0224               	subwf	___ftdiv@f1+1,w
  3685  0D68  1D03               	skipz
  3686  0D69  2D6C               	goto	u416_25
  3687  0D6A  0820               	movf	___ftdiv@f2,w
  3688  0D6B  0223               	subwf	___ftdiv@f1,w
  3689  0D6C                     u416_25:	
  3690  0D6C  1C03               	skipc
  3691  0D6D  2D7A               	goto	L21
  3692  0D6E  0820               	movf	___ftdiv@f2,w
  3693  0D6F  02A3               	subwf	___ftdiv@f1,f
  3694  0D70  0821               	movf	___ftdiv@f2+1,w
  3695  0D71  1C03               	skipc
  3696  0D72  0F21               	incfsz	___ftdiv@f2+1,w
  3697  0D73  02A4               	subwf	___ftdiv@f1+1,f
  3698  0D74  0822               	movf	___ftdiv@f2+2,w
  3699  0D75  1C03               	skipc
  3700  0D76  0A22               	incf	___ftdiv@f2+2,w
  3701  0D77  02A5               	subwf	___ftdiv@f1+2,f
  3702  0D78  1427               	bsf	___ftdiv@f3,0
  3703  0D79  1003               	clrc
  3704  0D7A                     L21:	
  3705  0D7A  0DA3               	rlf	___ftdiv@f1,f
  3706  0D7B  0DA4               	rlf	___ftdiv@f1+1,f
  3707  0D7C  0DA5               	rlf	___ftdiv@f1+2,f
  3708  0D7D  0BA6               	decfsz	___ftdiv@cntr,f
  3709  0D7E  2D5E               	goto	i1l3885
  3710  0D7F  0827               	movf	___ftdiv@f3,w
  3711  0D80  00F0               	movwf	___ftpack@arg
  3712  0D81  0828               	movf	___ftdiv@f3+1,w
  3713  0D82  00F1               	movwf	___ftpack@arg+1
  3714  0D83  0829               	movf	___ftdiv@f3+2,w
  3715  0D84  00F2               	movwf	___ftpack@arg+2
  3716  0D85  082A               	movf	___ftdiv@exp,w
  3717  0D86  00F3               	movwf	___ftpack@exp
  3718  0D87  082B               	movf	___ftdiv@sign,w
  3719  0D88  00F4               	movwf	___ftpack@sign
  3720  0D89  2591               	fcall	___ftpack
  3721  0D8A  0870               	movf	?___ftpack,w
  3722  0D8B  00A0               	movwf	?___ftdiv
  3723  0D8C  0871               	movf	?___ftpack+1,w
  3724  0D8D  00A1               	movwf	?___ftdiv+1
  3725  0D8E  0872               	movf	?___ftpack+2,w
  3726  0D8F  00A2               	movwf	?___ftdiv+2
  3727  0D90  0008               	return
  3728  0D91                     __end_of___ftdiv:	
  3729  0D91                     __ptext9:	
  3730 ;; *************** function ___ftpack *****************
  3731 ;; Defined at:
  3732 ;;		line 62 in file "D:\6.software\58.SCMCU_IDE\SCMCU_IDE_V2.00.16\data\sources\common\float.c"
  3733 ;; Parameters:    Size  Location     Type
  3734 ;;  arg             3    0[COMMON] unsigned um
  3735 ;;  exp             1    3[COMMON] unsigned char 
  3736 ;;  sign            1    4[COMMON] unsigned char 
  3737 ;; Auto vars:     Size  Location     Type
  3738 ;;		None
  3739 ;; Return value:  Size  Location     Type
  3740 ;;                  3    0[COMMON] float 
  3741 ;; Registers used:
  3742 ;;		wreg, status,2, status,0
  3743 ;; Tracked objects:
  3744 ;;		On entry : 300/0
  3745 ;;		On exit  : 300/0
  3746 ;;		Unchanged: 300/0
  3747 ;; Data sizes:     COMMON   BANK0   BANK1   BANK3   BANK2
  3748 ;;      Params:         5       0       0       0       0
  3749 ;;      Locals:         0       0       0       0       0
  3750 ;;      Temps:          3       0       0       0       0
  3751 ;;      Totals:         8       0       0       0       0
  3752 ;;Total ram usage:        8 bytes
  3753 ;; Hardware stack levels used:    1
  3754 ;; This function calls:
  3755 ;;		Nothing
  3756 ;; This function is called by:
  3757 ;;		___lwtoft
  3758 ;;		___ftdiv
  3759 ;; This function uses a non-reentrant model
  3760 ;;
  3761                           
  3762                           
  3763                           ;psect for function ___ftpack
  3764  0D91                     ___ftpack:	
  3765                           
  3766                           ;incstack = 0
  3767                           ; Regs used in ___ftpack: [wreg+status,2+status,0]
  3768  0D91  0873               	movf	___ftpack@exp,w
  3769  0D92  1903               	btfsc	3,2
  3770  0D93  2D99               	goto	i1l877
  3771  0D94  0872               	movf	___ftpack@arg+2,w
  3772  0D95  0471               	iorwf	___ftpack@arg+1,w
  3773  0D96  0470               	iorwf	___ftpack@arg,w
  3774  0D97  1D03               	skipz
  3775  0D98  2DA2               	goto	i1l3841
  3776  0D99                     i1l877:	
  3777  0D99  01F0               	clrf	?___ftpack
  3778  0D9A  01F1               	clrf	?___ftpack+1
  3779  0D9B  01F2               	clrf	?___ftpack+2
  3780  0D9C  0008               	return
  3781  0D9D                     i1l3839:	
  3782  0D9D  0AF3               	incf	___ftpack@exp,f
  3783  0D9E  1003               	clrc
  3784  0D9F  0CF2               	rrf	___ftpack@arg+2,f
  3785  0DA0  0CF1               	rrf	___ftpack@arg+1,f
  3786  0DA1  0CF0               	rrf	___ftpack@arg,f
  3787  0DA2                     i1l3841:	
  3788  0DA2  30FE               	movlw	254
  3789  0DA3  0572               	andwf	___ftpack@arg+2,w
  3790  0DA4  1903               	btfsc	3,2
  3791  0DA5  2DB1               	goto	i1l3845
  3792  0DA6  2D9D               	goto	i1l3839
  3793  0DA7                     i1l3843:	
  3794  0DA7  0AF3               	incf	___ftpack@exp,f
  3795  0DA8  0AF0               	incf	___ftpack@arg,f
  3796  0DA9  1903               	skipnz
  3797  0DAA  0AF1               	incf	___ftpack@arg+1,f
  3798  0DAB  1903               	skipnz
  3799  0DAC  0AF2               	incf	___ftpack@arg+2,f
  3800  0DAD  1003               	clrc
  3801  0DAE  0CF2               	rrf	___ftpack@arg+2,f
  3802  0DAF  0CF1               	rrf	___ftpack@arg+1,f
  3803  0DB0  0CF0               	rrf	___ftpack@arg,f
  3804  0DB1                     i1l3845:	
  3805  0DB1  30FF               	movlw	255
  3806  0DB2  0572               	andwf	___ftpack@arg+2,w
  3807  0DB3  1903               	btfsc	3,2
  3808  0DB4  2DBF               	goto	i1l3849
  3809  0DB5  2DA7               	goto	i1l3843
  3810  0DB6                     i1l3851:	
  3811  0DB6  3002               	movlw	2
  3812  0DB7  0273               	subwf	___ftpack@exp,w
  3813  0DB8  1C03               	btfss	3,0
  3814  0DB9  2DC1               	goto	i1l889
  3815  0DBA  03F3               	decf	___ftpack@exp,f
  3816  0DBB  1003               	clrc
  3817  0DBC  0DF0               	rlf	___ftpack@arg,f
  3818  0DBD  0DF1               	rlf	___ftpack@arg+1,f
  3819  0DBE  0DF2               	rlf	___ftpack@arg+2,f
  3820  0DBF                     i1l3849:	
  3821  0DBF  1FF1               	btfss	___ftpack@arg+1,7
  3822  0DC0  2DB6               	goto	i1l3851
  3823  0DC1                     i1l889:	
  3824  0DC1  1C73               	btfss	___ftpack@exp,0
  3825  0DC2  13F1               	bcf	___ftpack@arg+1,7
  3826  0DC3  1003               	clrc
  3827  0DC4  0CF3               	rrf	___ftpack@exp,f
  3828  0DC5  0873               	movf	___ftpack@exp,w
  3829  0DC6  00F7               	movwf	??___ftpack+2
  3830  0DC7  01F6               	clrf	??___ftpack+1
  3831  0DC8  01F5               	clrf	??___ftpack
  3832  0DC9  0875               	movf	??___ftpack,w
  3833  0DCA  04F0               	iorwf	___ftpack@arg,f
  3834  0DCB  0876               	movf	??___ftpack+1,w
  3835  0DCC  04F1               	iorwf	___ftpack@arg+1,f
  3836  0DCD  0877               	movf	??___ftpack+2,w
  3837  0DCE  04F2               	iorwf	___ftpack@arg+2,f
  3838  0DCF  0874               	movf	___ftpack@sign,w
  3839  0DD0  1D03               	btfss	3,2
  3840  0DD1  17F2               	bsf	___ftpack@arg+2,7
  3841  0DD2  0008               	return
  3842  0DD3                     __end_of___ftpack:	
  3843                           
  3844                           	psect	text10
  3845  0C7A                     __ptext10:	
  3846 ;; *************** function _Update_LED_Slot *****************
  3847 ;; Defined at:
  3848 ;;		line 30 in file "E:\1.workspace\7.other\17.charge_demo\charge_demo\06-release\SC8F096_Timer_Demo\led.c"
  3849 ;; Parameters:    Size  Location     Type
  3850 ;;  idx             1    wreg     unsigned char 
  3851 ;; Auto vars:     Size  Location     Type
  3852 ;;  idx             1    3[COMMON] unsigned char 
  3853 ;;  p               1    4[COMMON] PTR struct .
  3854 ;;		 -> g_slot1(72), g_slot0(72), 
  3855 ;; Return value:  Size  Location     Type
  3856 ;;                  1    wreg      void 
  3857 ;; Registers used:
  3858 ;;		wreg, fsr0l, fsr0h, status,2, status,0, pclath, cstack
  3859 ;; Tracked objects:
  3860 ;;		On entry : B00/800
  3861 ;;		On exit  : 800/800
  3862 ;;		Unchanged: 0/0
  3863 ;; Data sizes:     COMMON   BANK0   BANK1   BANK3   BANK2
  3864 ;;      Params:         0       0       0       0       0
  3865 ;;      Locals:         2       0       0       0       0
  3866 ;;      Temps:          0       0       0       0       0
  3867 ;;      Totals:         2       0       0       0       0
  3868 ;;Total ram usage:        2 bytes
  3869 ;; Hardware stack levels used:    1
  3870 ;; Hardware stack levels required when called:    1
  3871 ;; This function calls:
  3872 ;;		i1___bmul
  3873 ;; This function is called by:
  3874 ;;		_Interrupt_Isr
  3875 ;; This function uses a non-reentrant model
  3876 ;;
  3877                           
  3878                           
  3879                           ;psect for function _Update_LED_Slot
  3880  0C7A                     _Update_LED_Slot:	
  3881                           
  3882                           ;incstack = 0
  3883                           ; Regs used in _Update_LED_Slot: [wreg-fsr0h+status,2+status,0+pclath+cstack]
  3884                           ;Update_LED_Slot@idx stored from wreg
  3885  0C7A  00F3               	movwf	Update_LED_Slot@idx
  3886                           
  3887                           ;led.c: 32: BatterySlot_t *p = (((idx) < 6) ? &g_slot0[(idx)] : &g_slot1[(idx)-6]);
  3888  0C7B  3006               	movlw	6
  3889  0C7C  0273               	subwf	Update_LED_Slot@idx,w
  3890  0C7D  300C               	movlw	12
  3891  0C7E  00F0               	movwf	i1___bmul@multiplicand
  3892  0C7F  0873               	movf	Update_LED_Slot@idx,w
  3893  0C80  1C03               	skipc
  3894  0C81  2C89               	goto	L23
  3895  0C82  120A  118A  22E8  120A  158A  	fcall	i1___bmul
  3896  0C87  3ED8               	addlw	(low ((_g_slot1| (0+256)+184)))& (0+255)
  3897  0C88  2C8F               	goto	L22
  3898  0C89                     L23:	
  3899  0C89  120A  118A  22E8  120A  158A  	fcall	i1___bmul
  3900  0C8E  3EA0               	addlw	(low (_g_slot0| (0+256)))& (0+255)
  3901  0C8F                     L22:	
  3902  0C8F  00F4               	movwf	Update_LED_Slot@p
  3903  0C90  0A74               	incf	Update_LED_Slot@p,w
  3904  0C91  0084               	movwf	4
  3905  0C92  1783               	bsf	3,7	;select IRP bank2
  3906  0C93  0800               	movf	0,w
  3907                           
  3908                           ; Switch size 1, requested type "space"
  3909                           ; Number of cases is 8, Range of values is 0 to 7
  3910                           ; switch strategies available:
  3911                           ; Name         Instructions Cycles
  3912                           ; simple_byte           25    13 (average)
  3913                           ; direct_byte           32     8 (fixed)
  3914                           ; jumptable            260     6 (fixed)
  3915                           ;	Chosen strategy is simple_byte
  3916  0C94  3A00               	xorlw	0	; case 0
  3917  0C95  1903               	skipnz
  3918  0C96  2CAE               	goto	i1l3455
  3919  0C97  3A01               	xorlw	1	; case 1
  3920  0C98  1903               	skipnz
  3921  0C99  2CAF               	goto	i1l612
  3922  0C9A  3A03               	xorlw	3	; case 2
  3923  0C9B  1903               	skipnz
  3924  0C9C  2CAF               	goto	i1l3457
  3925  0C9D  3A01               	xorlw	1	; case 3
  3926  0C9E  1903               	skipnz
  3927  0C9F  2CAF               	goto	i1l3457
  3928  0CA0  3A07               	xorlw	7	; case 4
  3929  0CA1  1903               	skipnz
  3930  0CA2  2CAF               	goto	i1l3457
  3931  0CA3  3A01               	xorlw	1	; case 5
  3932  0CA4  1903               	skipnz
  3933  0CA5  2CAF               	goto	i1l3457
  3934  0CA6  3A03               	xorlw	3	; case 6
  3935  0CA7  1903               	skipnz
  3936  0CA8  2CB5               	goto	i1l3459
  3937  0CA9  3A01               	xorlw	1	; case 7
  3938  0CAA  1903               	skipnz
  3939  0CAB  2CBB               	goto	i1l3461
  3940  0CAC  2CC1               	goto	i1l3463
  3941  0CAD  0008               	return
  3942  0CAE                     i1l3455:	
  3943                           
  3944                           ;led.c: 37: p->ledState = 0;
  3945                           
  3946                           ;led.c: 38: break;
  3947  0CAE  2CC2               	ljmp	PL26	;call to abstracted procedure
  3948  0CAF                     i1l612:	
  3949  0CAF                     i1l3457:	
  3950                           
  3951                           ;led.c: 40: case 2:
  3952                           ;led.c: 41: case 3:
  3953                           ;led.c: 42: case 4:
  3954                           ;led.c: 43: case 5:
  3955                           ;led.c: 44: p->ledState = 1;
  3956  0CAF  0874               	movf	Update_LED_Slot@p,w
  3957  0CB0  3E02               	addlw	2
  3958  0CB1  0084               	movwf	4
  3959  0CB2  0180               	clrf	0
  3960  0CB3  0A80               	incf	0,f
  3961                           
  3962                           ;led.c: 45: break;
  3963  0CB4  0008               	return
  3964  0CB5                     i1l3459:	
  3965                           
  3966                           ;led.c: 47: p->ledState = 2;
  3967  0CB5  0874               	movf	Update_LED_Slot@p,w
  3968  0CB6  3E02               	addlw	2
  3969  0CB7  0084               	movwf	4
  3970  0CB8  3002               	movlw	2
  3971  0CB9  0080               	movwf	0
  3972                           
  3973                           ;led.c: 48: break;
  3974  0CBA  0008               	return
  3975  0CBB                     i1l3461:	
  3976                           
  3977                           ;led.c: 50: p->ledState = 3;
  3978  0CBB  0874               	movf	Update_LED_Slot@p,w
  3979  0CBC  3E02               	addlw	2
  3980  0CBD  0084               	movwf	4
  3981  0CBE  3003               	movlw	3
  3982  0CBF  0080               	movwf	0
  3983                           
  3984                           ;led.c: 51: break;
  3985  0CC0  0008               	return
  3986  0CC1                     i1l3463:	
  3987                           
  3988                           ;led.c: 53: p->ledState = 0;
  3989                           
  3990                           ;led.c: 54: break;
  3991  0CC1  2CC2               	ljmp	PL26	;call to abstracted procedure
  3992  0CC2                     __end_of_Update_LED_Slot:	
  3993  0CC2                     PL26:	
  3994  0CC2  0874               	movf	Update_LED_Slot@p,w
  3995  0CC3  3E02               	addlw	2
  3996  0CC4  0084               	movwf	4
  3997  0CC5  0180               	clrf	0
  3998  0CC6  0008               	return
  3999  0CC7                     __end_ofPL26:	
  4000                           
  4001                           	psect	text12
  4002  0C3E                     __ptext12:	
  4003 ;; *************** function _SlotPin_ToAnalog *****************
  4004 ;; Defined at:
  4005 ;;		line 68 in file "E:\1.workspace\7.other\17.charge_demo\charge_demo\06-release\SC8F096_Timer_Demo\main.c"
  4006 ;; Parameters:    Size  Location     Type
  4007 ;;  idx             1    wreg     unsigned char 
  4008 ;; Auto vars:     Size  Location     Type
  4009 ;;  idx             1    6[COMMON] unsigned char 
  4010 ;;  cfg             1    7[COMMON] PTR const struct .
  4011 ;;		 -> s_slotPins(84), 
  4012 ;; Return value:  Size  Location     Type
  4013 ;;                  1    wreg      void 
  4014 ;; Registers used:
  4015 ;;		wreg, fsr0l, fsr0h, status,2, status,0, btemp+1, pclath, cstack
  4016 ;; Tracked objects:
  4017 ;;		On entry : 300/0
  4018 ;;		On exit  : 0/0
  4019 ;;		Unchanged: 0/0
  4020 ;; Data sizes:     COMMON   BANK0   BANK1   BANK3   BANK2
  4021 ;;      Params:         0       0       0       0       0
  4022 ;;      Locals:         2       0       0       0       0
  4023 ;;      Temps:          3       0       0       0       0
  4024 ;;      Totals:         5       0       0       0       0
  4025 ;;Total ram usage:        5 bytes
  4026 ;; Hardware stack levels used:    1
  4027 ;; Hardware stack levels required when called:    1
  4028 ;; This function calls:
  4029 ;;		i1___bmul
  4030 ;; This function is called by:
  4031 ;;		_Interrupt_Isr
  4032 ;; This function uses a non-reentrant model
  4033 ;;
  4034                           
  4035                           
  4036                           ;psect for function _SlotPin_ToAnalog
  4037  0C3E                     _SlotPin_ToAnalog:	
  4038                           
  4039                           ;incstack = 0
  4040                           ; Regs used in _SlotPin_ToAnalog: [wreg-fsr0h+status,2+status,0+btemp+1+pclath+cstack]
  4041                           ;SlotPin_ToAnalog@idx stored from wreg
  4042  0C3E  00F6               	movwf	SlotPin_ToAnalog@idx
  4043                           
  4044                           ;main.c: 70: const SlotPinConfig_t *cfg = &s_slotPins[idx];
  4045  0C3F  3007               	movlw	7
  4046  0C40  00F0               	movwf	i1___bmul@multiplicand
  4047  0C41  0876               	movf	SlotPin_ToAnalog@idx,w
  4048  0C42  120A  118A  22E8  120A  158A  	fcall	i1___bmul
  4049  0C47  3E0D               	addlw	low ((_s_slotPins-__stringbase)| (0+32768))
  4050  0C48  00F7               	movwf	SlotPin_ToAnalog@cfg
  4051                           
  4052                           ;main.c: 71: *cfg->ansel_reg |= cfg->ansel_mask;
  4053  0C49  3E06               	addlw	6
  4054  0C4A  0084               	movwf	4
  4055  0C4B  120A  158A  2000  120A  158A  	fcall	stringdir
  4056  0C50  00F3               	movwf	??_SlotPin_ToAnalog
  4057  0C51  0877               	movf	SlotPin_ToAnalog@cfg,w
  4058  0C52  3E05               	addlw	5
  4059  0C53  0084               	movwf	4
  4060  0C54  120A  158A  2000  120A  158A  	fcall	stringdir
  4061  0C59  0084               	movwf	4
  4062  0C5A  0873               	movf	??_SlotPin_ToAnalog,w
  4063  0C5B  1383               	bcf	3,7	;select IRP bank0
  4064  0C5C  0480               	iorwf	0,f
  4065                           
  4066                           ;main.c: 72: *cfg->tris_reg |= cfg->pin_mask;
  4067  0C5D  0877               	movf	SlotPin_ToAnalog@cfg,w
  4068  0C5E  3E04               	addlw	4
  4069  0C5F  0084               	movwf	4
  4070  0C60  120A  158A  2000  120A  158A  	fcall	stringdir
  4071  0C65  00F3               	movwf	??_SlotPin_ToAnalog
  4072  0C66  0877               	movf	SlotPin_ToAnalog@cfg,w
  4073  0C67  0084               	movwf	4
  4074  0C68  120A  158A  2000  120A  158A  	fcall	stringdir
  4075  0C6D  00F4               	movwf	??_SlotPin_ToAnalog+1
  4076  0C6E  120A  158A  2000   	fcall	stringdir
  4077  0C71  00F5               	movwf	??_SlotPin_ToAnalog+2
  4078  0C72  0874               	movf	??_SlotPin_ToAnalog+1,w
  4079  0C73  0084               	movwf	4
  4080  0C74  1783               	bsf	3,7
  4081  0C75  1C75               	btfss	??_SlotPin_ToAnalog+2,0
  4082  0C76  1383               	bcf	3,7
  4083  0C77  0873               	movf	??_SlotPin_ToAnalog,w
  4084  0C78  0480               	iorwf	0,f
  4085  0C79  0008               	return
  4086  0C7A                     __end_of_SlotPin_ToAnalog:	
  4087                           
  4088                           	psect	text13
  4089  05AB                     __ptext13:	
  4090 ;; *************** function _Read_Temperature *****************
  4091 ;; Defined at:
  4092 ;;		line 29 in file "E:\1.workspace\7.other\17.charge_demo\charge_demo\06-release\SC8F096_Timer_Demo\charge_mgr.c"
  4093 ;; Parameters:    Size  Location     Type
  4094 ;;		None
  4095 ;; Auto vars:     Size  Location     Type
  4096 ;;  ntcR            2   20[BANK0 ] unsigned int 
  4097 ;;  ntcVal          2   17[BANK0 ] unsigned int 
  4098 ;;  temp            1   19[BANK0 ] unsigned char 
  4099 ;; Return value:  Size  Location     Type
  4100 ;;                  1    wreg      unsigned char 
  4101 ;; Registers used:
  4102 ;;		wreg, status,2, status,0, pclath, cstack
  4103 ;; Tracked objects:
  4104 ;;		On entry : 300/200
  4105 ;;		On exit  : 300/0
  4106 ;;		Unchanged: 0/0
  4107 ;; Data sizes:     COMMON   BANK0   BANK1   BANK3   BANK2
  4108 ;;      Params:         0       0       0       0       0
  4109 ;;      Locals:         0       5       0       0       0
  4110 ;;      Temps:          0       4       0       0       0
  4111 ;;      Totals:         0       9       0       0       0
  4112 ;;Total ram usage:        9 bytes
  4113 ;; Hardware stack levels used:    1
  4114 ;; Hardware stack levels required when called:    2
  4115 ;; This function calls:
  4116 ;;		_ADC_ReadChannel
  4117 ;;		___lldiv
  4118 ;;		___lmul
  4119 ;; This function is called by:
  4120 ;;		_Interrupt_Isr
  4121 ;; This function uses a non-reentrant model
  4122 ;;
  4123                           
  4124                           
  4125                           ;psect for function _Read_Temperature
  4126  05AB                     _Read_Temperature:	
  4127                           
  4128                           ;charge_mgr.c: 31: unsigned int ntcVal = ADC_ReadChannel(21);
  4129                           
  4130                           ;incstack = 0
  4131                           ; Regs used in _Read_Temperature: [wreg+status,2+status,0+pclath+cstack]
  4132  05AB  3015               	movlw	21
  4133  05AC  120A  118A  23CD  120A  118A  	fcall	_ADC_ReadChannel
  4134  05B1  0876               	movf	?_ADC_ReadChannel+1,w
  4135  05B2  1283               	bcf	3,5	;RP0=0, select bank0
  4136  05B3  1303               	bcf	3,6	;RP1=0, select bank0
  4137  05B4  00B2               	movwf	Read_Temperature@ntcVal+1
  4138  05B5  0875               	movf	?_ADC_ReadChannel,w
  4139  05B6  00B1               	movwf	Read_Temperature@ntcVal
  4140                           
  4141                           ;charge_mgr.c: 38: if(ntcVal == 0 || ntcVal >= 4095)
  4142  05B7  0432               	iorwf	Read_Temperature@ntcVal+1,w
  4143  05B8  1903               	btfsc	3,2
  4144  05B9  0008               	return
  4145  05BA  300F               	movlw	15
  4146  05BB  0232               	subwf	Read_Temperature@ntcVal+1,w
  4147  05BC  30FF               	movlw	255
  4148  05BD  1903               	skipnz
  4149  05BE  0231               	subwf	Read_Temperature@ntcVal,w
  4150  05BF  1803               	btfsc	3,0
  4151  05C0  0008               	return
  4152                           
  4153                           ;charge_mgr.c: 42: ntcR = (unsigned int)((unsigned long)ntcVal * 10000UL / (4096UL - ntc
      +                          Val));
  4154  05C1  3010               	movlw	16
  4155  05C2  01A3               	clrf	___lldiv@divisor+3
  4156  05C3  01A2               	clrf	___lldiv@divisor+2
  4157  05C4  00A1               	movwf	___lldiv@divisor+1
  4158  05C5  01A0               	clrf	___lldiv@divisor
  4159  05C6  0831               	movf	Read_Temperature@ntcVal,w
  4160  05C7  00AD               	movwf	??_Read_Temperature
  4161  05C8  0832               	movf	Read_Temperature@ntcVal+1,w
  4162  05C9  00AE               	movwf	??_Read_Temperature+1
  4163  05CA  01AF               	clrf	??_Read_Temperature+2
  4164  05CB  01B0               	clrf	??_Read_Temperature+3
  4165  05CC  082D               	movf	??_Read_Temperature,w
  4166  05CD  02A0               	subwf	___lldiv@divisor,f
  4167  05CE  082E               	movf	??_Read_Temperature+1,w
  4168  05CF  1C03               	skipc
  4169  05D0  0F2E               	incfsz	??_Read_Temperature+1,w
  4170  05D1  02A1               	subwf	___lldiv@divisor+1,f
  4171  05D2  082F               	movf	??_Read_Temperature+2,w
  4172  05D3  1C03               	skipc
  4173  05D4  0F2F               	incfsz	??_Read_Temperature+2,w
  4174  05D5  02A2               	subwf	___lldiv@divisor+2,f
  4175  05D6  0830               	movf	??_Read_Temperature+3,w
  4176  05D7  1C03               	skipc
  4177  05D8  0F30               	incfsz	??_Read_Temperature+3,w
  4178  05D9  02A3               	subwf	___lldiv@divisor+3,f
  4179  05DA  0831               	movf	Read_Temperature@ntcVal,w
  4180  05DB  00F0               	movwf	___lmul@multiplier
  4181  05DC  0832               	movf	Read_Temperature@ntcVal+1,w
  4182  05DD  00F1               	movwf	___lmul@multiplier+1
  4183  05DE  3027               	movlw	39
  4184  05DF  01F2               	clrf	___lmul@multiplier+2
  4185  05E0  01F3               	clrf	___lmul@multiplier+3
  4186  05E1  01F7               	clrf	___lmul@multiplicand+3
  4187  05E2  01F6               	clrf	___lmul@multiplicand+2
  4188  05E3  00F5               	movwf	___lmul@multiplicand+1
  4189  05E4  3010               	movlw	16
  4190  05E5  00F4               	movwf	___lmul@multiplicand
  4191  05E6  26C4  120A  118A   	fcall	___lmul
  4192  05E9  0873               	movf	?___lmul+3,w
  4193  05EA  00A7               	movwf	___lldiv@dividend+3
  4194  05EB  0872               	movf	?___lmul+2,w
  4195  05EC  00A6               	movwf	___lldiv@dividend+2
  4196  05ED  0871               	movf	?___lmul+1,w
  4197  05EE  00A5               	movwf	___lldiv@dividend+1
  4198  05EF  0870               	movf	?___lmul,w
  4199  05F0  00A4               	movwf	___lldiv@dividend
  4200  05F1  267C  120A  118A   	fcall	___lldiv
  4201  05F4  0821               	movf	?___lldiv+1,w
  4202  05F5  00B5               	movwf	Read_Temperature@ntcR+1
  4203  05F6  0820               	movf	?___lldiv,w
  4204  05F7  00B4               	movwf	Read_Temperature@ntcR
  4205                           
  4206                           ;charge_mgr.c: 47: if(ntcR > 32950) temp = 10;
  4207  05F8  3080               	movlw	128
  4208  05F9  0235               	subwf	Read_Temperature@ntcR+1,w
  4209  05FA  30B7               	movlw	183
  4210  05FB  1903               	skipnz
  4211  05FC  0234               	subwf	Read_Temperature@ntcR,w
  4212  05FD  1C03               	skipc
  4213  05FE  2E01               	goto	i1l2783
  4214  05FF  300A               	movlw	10
  4215  0600  2E6E               	goto	L24
  4216  0601                     i1l2783:	
  4217                           
  4218                           ;charge_mgr.c: 48: else if(ntcR > 27330) temp = 15;
  4219  0601  306A               	movlw	106
  4220  0602  0235               	subwf	Read_Temperature@ntcR+1,w
  4221  0603  30C3               	movlw	195
  4222  0604  1903               	skipnz
  4223  0605  0234               	subwf	Read_Temperature@ntcR,w
  4224  0606  1C03               	skipc
  4225  0607  2E0A               	goto	i1l2787
  4226  0608  300F               	movlw	15
  4227  0609  2E6E               	goto	L24
  4228  060A                     i1l2787:	
  4229                           
  4230                           ;charge_mgr.c: 49: else if(ntcR > 22060) temp = 20;
  4231  060A  3056               	movlw	86
  4232  060B  0235               	subwf	Read_Temperature@ntcR+1,w
  4233  060C  302D               	movlw	45
  4234  060D  1903               	skipnz
  4235  060E  0234               	subwf	Read_Temperature@ntcR,w
  4236  060F  1C03               	skipc
  4237  0610  2E13               	goto	i1l2791
  4238  0611  3014               	movlw	20
  4239  0612  2E6E               	goto	L24
  4240  0613                     i1l2791:	
  4241                           
  4242                           ;charge_mgr.c: 50: else if(ntcR > 17950) temp = 25;
  4243  0613  3046               	movlw	70
  4244  0614  0235               	subwf	Read_Temperature@ntcR+1,w
  4245  0615  301F               	movlw	31
  4246  0616  1903               	skipnz
  4247  0617  0234               	subwf	Read_Temperature@ntcR,w
  4248  0618  1C03               	skipc
  4249  0619  2E1C               	goto	i1l2795
  4250  061A  3019               	movlw	25
  4251  061B  2E6E               	goto	L24
  4252  061C                     i1l2795:	
  4253                           
  4254                           ;charge_mgr.c: 51: else if(ntcR > 14710) temp = 30;
  4255  061C  3039               	movlw	57
  4256  061D  0235               	subwf	Read_Temperature@ntcR+1,w
  4257  061E  3077               	movlw	119
  4258  061F  1903               	skipnz
  4259  0620  0234               	subwf	Read_Temperature@ntcR,w
  4260  0621  1C03               	skipc
  4261  0622  2E25               	goto	i1l2799
  4262  0623  301E               	movlw	30
  4263  0624  2E6E               	goto	L24
  4264  0625                     i1l2799:	
  4265                           
  4266                           ;charge_mgr.c: 52: else if(ntcR > 12120) temp = 35;
  4267  0625  302F               	movlw	47
  4268  0626  0235               	subwf	Read_Temperature@ntcR+1,w
  4269  0627  3059               	movlw	89
  4270  0628  1903               	skipnz
  4271  0629  0234               	subwf	Read_Temperature@ntcR,w
  4272  062A  1C03               	skipc
  4273  062B  2E2E               	goto	i1l2803
  4274  062C  3023               	movlw	35
  4275  062D  2E6E               	goto	L24
  4276  062E                     i1l2803:	
  4277                           
  4278                           ;charge_mgr.c: 53: else if(ntcR > 10000) temp = 40;
  4279  062E  3027               	movlw	39
  4280  062F  0235               	subwf	Read_Temperature@ntcR+1,w
  4281  0630  3011               	movlw	17
  4282  0631  1903               	skipnz
  4283  0632  0234               	subwf	Read_Temperature@ntcR,w
  4284  0633  1C03               	skipc
  4285  0634  2E37               	goto	i1l2807
  4286  0635  3028               	movlw	40
  4287  0636  2E6E               	goto	L24
  4288  0637                     i1l2807:	
  4289                           
  4290                           ;charge_mgr.c: 54: else if(ntcR > 8330) temp = 45;
  4291  0637  3020               	movlw	32
  4292  0638  0235               	subwf	Read_Temperature@ntcR+1,w
  4293  0639  308B               	movlw	139
  4294  063A  1903               	skipnz
  4295  063B  0234               	subwf	Read_Temperature@ntcR,w
  4296  063C  1C03               	skipc
  4297  063D  2E40               	goto	i1l2811
  4298  063E  302D               	movlw	45
  4299  063F  2E6E               	goto	L24
  4300  0640                     i1l2811:	
  4301                           
  4302                           ;charge_mgr.c: 55: else if(ntcR > 6970) temp = 50;
  4303  0640  301B               	movlw	27
  4304  0641  0235               	subwf	Read_Temperature@ntcR+1,w
  4305  0642  303B               	movlw	59
  4306  0643  1903               	skipnz
  4307  0644  0234               	subwf	Read_Temperature@ntcR,w
  4308  0645  1C03               	skipc
  4309  0646  2E49               	goto	i1l2815
  4310  0647  3032               	movlw	50
  4311  0648  2E6E               	goto	L24
  4312  0649                     i1l2815:	
  4313                           
  4314                           ;charge_mgr.c: 56: else if(ntcR > 5860) temp = 55;
  4315  0649  3016               	movlw	22
  4316  064A  0235               	subwf	Read_Temperature@ntcR+1,w
  4317  064B  30E5               	movlw	229
  4318  064C  1903               	skipnz
  4319  064D  0234               	subwf	Read_Temperature@ntcR,w
  4320  064E  1C03               	skipc
  4321  064F  2E52               	goto	i1l2819
  4322  0650  3037               	movlw	55
  4323  0651  2E6E               	goto	L24
  4324  0652                     i1l2819:	
  4325                           
  4326                           ;charge_mgr.c: 57: else if(ntcR > 4950) temp = 60;
  4327  0652  3013               	movlw	19
  4328  0653  0235               	subwf	Read_Temperature@ntcR+1,w
  4329  0654  3057               	movlw	87
  4330  0655  1903               	skipnz
  4331  0656  0234               	subwf	Read_Temperature@ntcR,w
  4332  0657  1C03               	skipc
  4333  0658  2E5B               	goto	i1l2823
  4334  0659  303C               	movlw	60
  4335  065A  2E6E               	goto	L24
  4336  065B                     i1l2823:	
  4337                           
  4338                           ;charge_mgr.c: 58: else if(ntcR > 4200) temp = 65;
  4339  065B  3010               	movlw	16
  4340  065C  0235               	subwf	Read_Temperature@ntcR+1,w
  4341  065D  3069               	movlw	105
  4342  065E  1903               	skipnz
  4343  065F  0234               	subwf	Read_Temperature@ntcR,w
  4344  0660  1C03               	skipc
  4345  0661  2E64               	goto	i1l2827
  4346  0662  3041               	movlw	65
  4347  0663  2E6E               	goto	L24
  4348  0664                     i1l2827:	
  4349                           
  4350                           ;charge_mgr.c: 59: else if(ntcR > 3580) temp = 70;
  4351  0664  300D               	movlw	13
  4352  0665  0235               	subwf	Read_Temperature@ntcR+1,w
  4353  0666  30FD               	movlw	253
  4354  0667  1903               	skipnz
  4355  0668  0234               	subwf	Read_Temperature@ntcR,w
  4356  0669  1C03               	skipc
  4357  066A  2E6D               	goto	i1l2831
  4358  066B  3046               	movlw	70
  4359  066C  2E6E               	goto	L24
  4360  066D                     i1l2831:	
  4361                           
  4362                           ;charge_mgr.c: 60: else temp = 75;
  4363  066D  304B               	movlw	75
  4364  066E                     L24:	
  4365  066E  00B3               	movwf	Read_Temperature@temp
  4366                           
  4367                           ;charge_mgr.c: 62: g_temperature = temp;
  4368  066F  00DA               	movwf	_g_temperature
  4369                           
  4370                           ;charge_mgr.c: 65: if(temp >= 60)
  4371  0670  303C               	movlw	60
  4372  0671  0233               	subwf	Read_Temperature@temp,w
  4373  0672  1C03               	skipc
  4374  0673  2E77               	goto	i1l2835
  4375                           
  4376                           ;charge_mgr.c: 66: g_tempProtect = 1;
  4377  0674  01D6               	clrf	_g_tempProtect
  4378  0675  0AD6               	incf	_g_tempProtect,f
  4379  0676  0008               	return
  4380  0677                     i1l2835:	
  4381                           
  4382                           ;charge_mgr.c: 67: else if(temp <= 50)
  4383  0677  3033               	movlw	51
  4384  0678  0233               	subwf	Read_Temperature@temp,w
  4385  0679  1C03               	btfss	3,0
  4386                           
  4387                           ;charge_mgr.c: 68: g_tempProtect = 0;
  4388  067A  01D6               	clrf	_g_tempProtect
  4389  067B  0008               	return
  4390  067C                     __end_of_Read_Temperature:	
  4391  067C                     __ptext15:	
  4392 ;; *************** function ___lldiv *****************
  4393 ;; Defined at:
  4394 ;;		line 6 in file "D:\6.software\58.SCMCU_IDE\SCMCU_IDE_V2.00.16\data\sources\common\lldiv.c"
  4395 ;; Parameters:    Size  Location     Type
  4396 ;;  divisor         4    0[BANK0 ] unsigned long 
  4397 ;;  dividend        4    4[BANK0 ] unsigned long 
  4398 ;; Auto vars:     Size  Location     Type
  4399 ;;  quotient        4    8[BANK0 ] unsigned long 
  4400 ;;  counter         1   12[BANK0 ] unsigned char 
  4401 ;; Return value:  Size  Location     Type
  4402 ;;                  4    0[BANK0 ] unsigned long 
  4403 ;; Registers used:
  4404 ;;		wreg, status,2, status,0
  4405 ;; Tracked objects:
  4406 ;;		On entry : 300/0
  4407 ;;		On exit  : 300/0
  4408 ;;		Unchanged: 0/0
  4409 ;; Data sizes:     COMMON   BANK0   BANK1   BANK3   BANK2
  4410 ;;      Params:         0       8       0       0       0
  4411 ;;      Locals:         0       5       0       0       0
  4412 ;;      Temps:          0       0       0       0       0
  4413 ;;      Totals:         0      13       0       0       0
  4414 ;;Total ram usage:       13 bytes
  4415 ;; Hardware stack levels used:    1
  4416 ;; This function calls:
  4417 ;;		Nothing
  4418 ;; This function is called by:
  4419 ;;		_Read_Temperature
  4420 ;; This function uses a non-reentrant model
  4421 ;;
  4422                           
  4423                           
  4424                           ;psect for function ___lldiv
  4425  067C                     ___lldiv:	
  4426                           
  4427                           ;incstack = 0
  4428                           ; Regs used in ___lldiv: [wreg+status,2+status,0]
  4429  067C  01A8               	clrf	___lldiv@quotient
  4430  067D  01A9               	clrf	___lldiv@quotient+1
  4431  067E  01AA               	clrf	___lldiv@quotient+2
  4432  067F  01AB               	clrf	___lldiv@quotient+3
  4433  0680  0823               	movf	___lldiv@divisor+3,w
  4434  0681  0422               	iorwf	___lldiv@divisor+2,w
  4435  0682  0421               	iorwf	___lldiv@divisor+1,w
  4436  0683  0420               	iorwf	___lldiv@divisor,w
  4437  0684  1903               	skipnz
  4438  0685  2EBB               	goto	i1l2403
  4439  0686  01AC               	clrf	___lldiv@counter
  4440  0687                     L25:	
  4441  0687  0AAC               	incf	___lldiv@counter,f
  4442  0688  1BA3               	btfsc	___lldiv@divisor+3,7
  4443  0689  2E90               	goto	i1l2391
  4444  068A  1003               	clrc
  4445  068B  0DA0               	rlf	___lldiv@divisor,f
  4446  068C  0DA1               	rlf	___lldiv@divisor+1,f
  4447  068D  0DA2               	rlf	___lldiv@divisor+2,f
  4448  068E  0DA3               	rlf	___lldiv@divisor+3,f
  4449  068F  2E87               	goto	L25
  4450  0690                     i1l2391:	
  4451  0690  1003               	clrc
  4452  0691  0DA8               	rlf	___lldiv@quotient,f
  4453  0692  0DA9               	rlf	___lldiv@quotient+1,f
  4454  0693  0DAA               	rlf	___lldiv@quotient+2,f
  4455  0694  0DAB               	rlf	___lldiv@quotient+3,f
  4456  0695  0823               	movf	___lldiv@divisor+3,w
  4457  0696  0227               	subwf	___lldiv@dividend+3,w
  4458  0697  1D03               	skipz
  4459  0698  2EA3               	goto	u194_25
  4460  0699  0822               	movf	___lldiv@divisor+2,w
  4461  069A  0226               	subwf	___lldiv@dividend+2,w
  4462  069B  1D03               	skipz
  4463  069C  2EA3               	goto	u194_25
  4464  069D  0821               	movf	___lldiv@divisor+1,w
  4465  069E  0225               	subwf	___lldiv@dividend+1,w
  4466  069F  1D03               	skipz
  4467  06A0  2EA3               	goto	u194_25
  4468  06A1  0820               	movf	___lldiv@divisor,w
  4469  06A2  0224               	subwf	___lldiv@dividend,w
  4470  06A3                     u194_25:	
  4471  06A3  1C03               	skipc
  4472  06A4  2EB5               	goto	L26
  4473  06A5  0820               	movf	___lldiv@divisor,w
  4474  06A6  02A4               	subwf	___lldiv@dividend,f
  4475  06A7  0821               	movf	___lldiv@divisor+1,w
  4476  06A8  1C03               	skipc
  4477  06A9  0F21               	incfsz	___lldiv@divisor+1,w
  4478  06AA  02A5               	subwf	___lldiv@dividend+1,f
  4479  06AB  0822               	movf	___lldiv@divisor+2,w
  4480  06AC  1C03               	skipc
  4481  06AD  0F22               	incfsz	___lldiv@divisor+2,w
  4482  06AE  02A6               	subwf	___lldiv@dividend+2,f
  4483  06AF  0823               	movf	___lldiv@divisor+3,w
  4484  06B0  1C03               	skipc
  4485  06B1  0F23               	incfsz	___lldiv@divisor+3,w
  4486  06B2  02A7               	subwf	___lldiv@dividend+3,f
  4487  06B3  1428               	bsf	___lldiv@quotient,0
  4488  06B4  1003               	clrc
  4489  06B5                     L26:	
  4490  06B5  0CA3               	rrf	___lldiv@divisor+3,f
  4491  06B6  0CA2               	rrf	___lldiv@divisor+2,f
  4492  06B7  0CA1               	rrf	___lldiv@divisor+1,f
  4493  06B8  0CA0               	rrf	___lldiv@divisor,f
  4494  06B9  0BAC               	decfsz	___lldiv@counter,f
  4495  06BA  2E90               	goto	i1l2391
  4496  06BB                     i1l2403:	
  4497  06BB  082B               	movf	___lldiv@quotient+3,w
  4498  06BC  00A3               	movwf	?___lldiv+3
  4499  06BD  082A               	movf	___lldiv@quotient+2,w
  4500  06BE  00A2               	movwf	?___lldiv+2
  4501  06BF  0829               	movf	___lldiv@quotient+1,w
  4502  06C0  00A1               	movwf	?___lldiv+1
  4503  06C1  0828               	movf	___lldiv@quotient,w
  4504  06C2  00A0               	movwf	?___lldiv
  4505  06C3  0008               	return
  4506  06C4                     __end_of___lldiv:	
  4507  06C4                     __ptext14:	
  4508 ;; *************** function ___lmul *****************
  4509 ;; Defined at:
  4510 ;;		line 15 in file "D:\6.software\58.SCMCU_IDE\SCMCU_IDE_V2.00.16\data\sources\common\Umul32.c"
  4511 ;; Parameters:    Size  Location     Type
  4512 ;;  multiplier      4    0[COMMON] unsigned long 
  4513 ;;  multiplicand    4    4[COMMON] unsigned long 
  4514 ;; Auto vars:     Size  Location     Type
  4515 ;;  product         4    8[COMMON] unsigned long 
  4516 ;; Return value:  Size  Location     Type
  4517 ;;                  4    0[COMMON] unsigned long 
  4518 ;; Registers used:
  4519 ;;		wreg, status,2, status,0
  4520 ;; Tracked objects:
  4521 ;;		On entry : 300/0
  4522 ;;		On exit  : 300/0
  4523 ;;		Unchanged: 300/0
  4524 ;; Data sizes:     COMMON   BANK0   BANK1   BANK3   BANK2
  4525 ;;      Params:         8       0       0       0       0
  4526 ;;      Locals:         4       0       0       0       0
  4527 ;;      Temps:          0       0       0       0       0
  4528 ;;      Totals:        12       0       0       0       0
  4529 ;;Total ram usage:       12 bytes
  4530 ;; Hardware stack levels used:    1
  4531 ;; This function calls:
  4532 ;;		Nothing
  4533 ;; This function is called by:
  4534 ;;		_Read_Temperature
  4535 ;; This function uses a non-reentrant model
  4536 ;;
  4537                           
  4538                           
  4539                           ;psect for function ___lmul
  4540  06C4                     ___lmul:	
  4541                           
  4542                           ;incstack = 0
  4543                           ; Regs used in ___lmul: [wreg+status,2+status,0]
  4544  06C4  01F8               	clrf	___lmul@product
  4545  06C5  01F9               	clrf	___lmul@product+1
  4546  06C6  01FA               	clrf	___lmul@product+2
  4547  06C7  01FB               	clrf	___lmul@product+3
  4548  06C8                     i1l732:	
  4549  06C8  1C70               	btfss	___lmul@multiplier,0
  4550  06C9  2EDE               	goto	i1l2359
  4551  06CA  0874               	movf	___lmul@multiplicand,w
  4552  06CB  07F8               	addwf	___lmul@product,f
  4553  06CC  0875               	movf	___lmul@multiplicand+1,w
  4554  06CD  1103               	clrz
  4555  06CE  1803               	skipnc
  4556  06CF  3E01               	addlw	1
  4557  06D0  1D03               	btfss	3,2
  4558  06D1  07F9               	addwf	___lmul@product+1,f
  4559  06D2  0876               	movf	___lmul@multiplicand+2,w
  4560  06D3  1103               	clrz
  4561  06D4  1803               	skipnc
  4562  06D5  3E01               	addlw	1
  4563  06D6  1D03               	btfss	3,2
  4564  06D7  07FA               	addwf	___lmul@product+2,f
  4565  06D8  0877               	movf	___lmul@multiplicand+3,w
  4566  06D9  1103               	clrz
  4567  06DA  1803               	skipnc
  4568  06DB  3E01               	addlw	1
  4569  06DC  1D03               	btfss	3,2
  4570  06DD  07FB               	addwf	___lmul@product+3,f
  4571  06DE                     i1l2359:	
  4572  06DE  1003               	clrc
  4573  06DF  0DF4               	rlf	___lmul@multiplicand,f
  4574  06E0  0DF5               	rlf	___lmul@multiplicand+1,f
  4575  06E1  0DF6               	rlf	___lmul@multiplicand+2,f
  4576  06E2  0DF7               	rlf	___lmul@multiplicand+3,f
  4577  06E3  1003               	clrc
  4578  06E4  0CF3               	rrf	___lmul@multiplier+3,f
  4579  06E5  0CF2               	rrf	___lmul@multiplier+2,f
  4580  06E6  0CF1               	rrf	___lmul@multiplier+1,f
  4581  06E7  0CF0               	rrf	___lmul@multiplier,f
  4582  06E8  0873               	movf	___lmul@multiplier+3,w
  4583  06E9  0472               	iorwf	___lmul@multiplier+2,w
  4584  06EA  0471               	iorwf	___lmul@multiplier+1,w
  4585  06EB  0470               	iorwf	___lmul@multiplier,w
  4586  06EC  1D03               	skipz
  4587  06ED  2EC8               	goto	i1l732
  4588  06EE  087B               	movf	___lmul@product+3,w
  4589  06EF  00F3               	movwf	?___lmul+3
  4590  06F0  087A               	movf	___lmul@product+2,w
  4591  06F1  00F2               	movwf	?___lmul+2
  4592  06F2  0879               	movf	___lmul@product+1,w
  4593  06F3  00F1               	movwf	?___lmul+1
  4594  06F4  0878               	movf	___lmul@product,w
  4595  06F5  00F0               	movwf	?___lmul
  4596  06F6  0008               	return
  4597  06F7                     __end_of___lmul:	
  4598                           
  4599                           	psect	text17
  4600  06F7                     __ptext17:	
  4601 ;; *************** function _ADC_Sample *****************
  4602 ;; Defined at:
  4603 ;;		line 43 in file "E:\1.workspace\7.other\17.charge_demo\charge_demo\06-release\SC8F096_Timer_Demo\adc_drv.c"
  4604 ;; Parameters:    Size  Location     Type
  4605 ;;  adch            1    wreg     unsigned char 
  4606 ;;  adldo           1    0[COMMON] unsigned char 
  4607 ;; Auto vars:     Size  Location     Type
  4608 ;;  adch            1    1[BANK0 ] unsigned char 
  4609 ;;  j               1    0[BANK0 ] unsigned char 
  4610 ;;  adsum           4    3[BANK0 ] volatile unsigned long 
  4611 ;;  ad_temp         2   11[BANK0 ] volatile unsigned int 
  4612 ;;  admax           2    9[BANK0 ] volatile unsigned int 
  4613 ;;  admin           2    7[BANK0 ] volatile unsigned int 
  4614 ;;  i               1    2[BANK0 ] unsigned char 
  4615 ;; Return value:  Size  Location     Type
  4616 ;;                  1    wreg      unsigned char 
  4617 ;; Registers used:
  4618 ;;		wreg, status,2, status,0
  4619 ;; Tracked objects:
  4620 ;;		On entry : 100/0
  4621 ;;		On exit  : 300/0
  4622 ;;		Unchanged: 0/0
  4623 ;; Data sizes:     COMMON   BANK0   BANK1   BANK3   BANK2
  4624 ;;      Params:         1       0       0       0       0
  4625 ;;      Locals:         0      13       0       0       0
  4626 ;;      Temps:          4       0       0       0       0
  4627 ;;      Totals:         5      13       0       0       0
  4628 ;;Total ram usage:       18 bytes
  4629 ;; Hardware stack levels used:    1
  4630 ;; This function calls:
  4631 ;;		Nothing
  4632 ;; This function is called by:
  4633 ;;		_Interrupt_Isr
  4634 ;;		_ADC_ReadChannel
  4635 ;; This function uses a non-reentrant model
  4636 ;;
  4637                           
  4638                           
  4639                           ;psect for function _ADC_Sample
  4640  06F7                     _ADC_Sample:	
  4641                           
  4642                           ;incstack = 0
  4643                           ; Regs used in _ADC_Sample: [wreg+status,2+status,0]
  4644                           ;ADC_Sample@adch stored from wreg
  4645  06F7  1303               	bcf	3,6	;RP1=0, select bank0
  4646  06F8  00A1               	movwf	ADC_Sample@adch
  4647                           
  4648                           ;adc_drv.c: 45: volatile unsigned long adsum = 0;
  4649                           
  4650                           ;adc_drv.c: 46: volatile unsigned int admin = 0;
  4651                           
  4652                           ;adc_drv.c: 47: volatile unsigned int admax = 0;
  4653  06F9  27E4  120A  118A   	fcall	PL14	;call to abstracted procedure
  4654                           
  4655                           ;adc_drv.c: 48: volatile unsigned int ad_temp = 0;
  4656  06FC  01AB               	clrf	ADC_Sample@ad_temp	;volatile
  4657  06FD  01AC               	clrf	ADC_Sample@ad_temp+1	;volatile
  4658                           
  4659                           ;adc_drv.c: 51: if ((!LDO_EN) && (adldo & 0x04))
  4660  06FE  1683               	bsf	3,5	;RP0=1, select bank1
  4661  06FF  1D16               	btfss	22,2	;volatile
  4662  0700  1D70               	btfss	ADC_Sample@adldo,2
  4663  0701  2F09               	goto	i1l2157
  4664                           
  4665                           ;adc_drv.c: 52: {
  4666                           ;adc_drv.c: 53: ADCON1 = adldo;
  4667  0702  0870               	movf	ADC_Sample@adldo,w
  4668  0703  0096               	movwf	22	;volatile
  4669                           
  4670                           ;adc_drv.c: 54: _delay((unsigned long)((100)*(16000000/4000000.0)));
  4671  0704  3085               	movlw	133
  4672  0705  00F1               	movwf	??_ADC_Sample
  4673  0706                     u438_27:	
  4674  0706  0BF1               	decfsz	??_ADC_Sample,f
  4675  0707  2F06               	goto	u438_27
  4676                           
  4677                           ;adc_drv.c: 55: }
  4678  0708  2F0B               	goto	i1l2159
  4679  0709                     i1l2157:	
  4680                           
  4681                           ;adc_drv.c: 56: else
  4682                           ;adc_drv.c: 57: ADCON1 = adldo;
  4683  0709  0870               	movf	ADC_Sample@adldo,w
  4684  070A  0096               	movwf	22	;volatile
  4685  070B                     i1l2159:	
  4686                           
  4687                           ;adc_drv.c: 60: if(adch & 0x10)
  4688  070B  1283               	bcf	3,5	;RP0=0, select bank0
  4689  070C  1303               	bcf	3,6	;RP1=0, select bank0
  4690  070D  1E21               	btfss	ADC_Sample@adch,4
  4691  070E  2F15               	goto	i1l434
  4692                           
  4693                           ;adc_drv.c: 61: {
  4694                           ;adc_drv.c: 62: CHS4 = 1;
  4695  070F  1683               	bsf	3,5	;RP0=1, select bank1
  4696  0710  1716               	bsf	22,6	;volatile
  4697                           
  4698                           ;adc_drv.c: 63: adch &= 0x0f;
  4699  0711  300F               	movlw	15
  4700  0712  1283               	bcf	3,5	;RP0=0, select bank0
  4701  0713  05A1               	andwf	ADC_Sample@adch,f
  4702                           
  4703                           ;adc_drv.c: 64: }
  4704  0714  2F17               	goto	i1l2165
  4705  0715                     i1l434:	
  4706                           
  4707                           ;adc_drv.c: 65: else
  4708                           ;adc_drv.c: 66: CHS4 = 0;
  4709  0715  1683               	bsf	3,5	;RP0=1, select bank1
  4710  0716  1316               	bcf	22,6	;volatile
  4711  0717                     i1l2165:	
  4712                           
  4713                           ;adc_drv.c: 68: unsigned char i = 0;
  4714  0717  1283               	bcf	3,5	;RP0=0, select bank0
  4715  0718  01A2               	clrf	ADC_Sample@i
  4716                           
  4717                           ;adc_drv.c: 70: for (i = 0; i < 10; i++)
  4718  0719  01A2               	clrf	ADC_Sample@i
  4719  071A                     i1l2171:	
  4720                           
  4721                           ;adc_drv.c: 71: {
  4722                           ;adc_drv.c: 73: ADCON0 = (unsigned char)(0X41 | (adch << 2));
  4723  071A  0821               	movf	ADC_Sample@adch,w
  4724  071B  00F1               	movwf	??_ADC_Sample
  4725  071C  3001               	movlw	1
  4726  071D  1003               	clrc
  4727  071E                     L27:	
  4728  071E  0DF1               	rlf	??_ADC_Sample,f
  4729  071F  3EFF               	addlw	-1
  4730  0720  1003               	clrc
  4731  0721  1D03               	skipz
  4732  0722  2F1E               	goto	L27
  4733  0723  0D71               	rlf	??_ADC_Sample,w
  4734  0724  3841               	iorlw	65
  4735  0725  1683               	bsf	3,5	;RP0=1, select bank1
  4736  0726  0095               	movwf	21	;volatile
  4737  0727  0000               	nop	;# 
  4738  0728  0000               	nop	;# 
  4739  0729  0000               	nop	;# 
  4740  072A  0000               	nop	;# 
  4741                           
  4742                           ;adc_drv.c: 78: GODONE = 1;
  4743  072B  1683               	bsf	3,5	;RP0=1, select bank1
  4744  072C  1303               	bcf	3,6	;RP1=0, select bank1
  4745  072D  1495               	bsf	21,1	;volatile
  4746                           
  4747                           ;adc_drv.c: 81: unsigned char j = 0;
  4748  072E  1283               	bcf	3,5	;RP0=0, select bank0
  4749  072F  01A0               	clrf	ADC_Sample@j
  4750  0730                     i1l438:	
  4751                           ;adc_drv.c: 82: while (GODONE)
  4752                           
  4753  0730  1683               	bsf	3,5	;RP0=1, select bank1
  4754  0731  1C95               	btfss	21,1	;volatile
  4755  0732  2F3C               	goto	i1l2181
  4756                           
  4757                           ;adc_drv.c: 83: {
  4758                           ;adc_drv.c: 84: _delay((unsigned long)((2)*(16000000/4000000.0)));
  4759  0733  2F34               	nop2	;2 cycle nop
  4760  0734  2F35               	nop2	;2 cycle nop
  4761  0735  2F36               	nop2	;2 cycle nop
  4762  0736  2F37               	nop2	;2 cycle nop
  4763                           
  4764                           ;adc_drv.c: 85: if (0 == (--j))
  4765  0737  1283               	bcf	3,5	;RP0=0, select bank0
  4766  0738  1303               	bcf	3,6	;RP1=0, select bank0
  4767  0739  0BA0               	decfsz	ADC_Sample@j,f
  4768  073A  2F30               	goto	i1l438
  4769                           
  4770                           ;adc_drv.c: 86: return 0;
  4771  073B  3400               	retlw	0
  4772  073C                     i1l2181:	
  4773                           
  4774                           ;adc_drv.c: 87: }
  4775                           ;adc_drv.c: 90: ad_temp = (unsigned int)((ADRESH << 4) + (ADRESL >> 4));
  4776  073C  0819               	movf	25,w	;volatile
  4777  073D  1283               	bcf	3,5	;RP0=0, select bank0
  4778  073E  00AB               	movwf	ADC_Sample@ad_temp	;volatile
  4779  073F  01AC               	clrf	ADC_Sample@ad_temp+1	;volatile
  4780  0740  0EAB               	swapf	ADC_Sample@ad_temp,f	;volatile
  4781  0741  0EAC               	swapf	ADC_Sample@ad_temp+1,f	;volatile
  4782  0742  30F0               	movlw	240
  4783  0743  05AC               	andwf	ADC_Sample@ad_temp+1,f	;volatile
  4784  0744  082B               	movf	ADC_Sample@ad_temp,w	;volatile
  4785  0745  390F               	andlw	15
  4786  0746  04AC               	iorwf	ADC_Sample@ad_temp+1,f	;volatile
  4787  0747  30F0               	movlw	240
  4788  0748  05AB               	andwf	ADC_Sample@ad_temp,f	;volatile
  4789  0749  1683               	bsf	3,5	;RP0=1, select bank1
  4790  074A  0E18               	swapf	24,w	;volatile
  4791  074B  390F               	andlw	15
  4792  074C  1283               	bcf	3,5	;RP0=0, select bank0
  4793  074D  07AB               	addwf	ADC_Sample@ad_temp,f	;volatile
  4794  074E  1803               	skipnc
  4795  074F  0AAC               	incf	ADC_Sample@ad_temp+1,f	;volatile
  4796                           
  4797                           ;adc_drv.c: 93: if (0 == admax)
  4798  0750  0829               	movf	ADC_Sample@admax,w	;volatile
  4799  0751  042A               	iorwf	ADC_Sample@admax+1,w	;volatile
  4800  0752  1D03               	btfss	3,2
  4801  0753  2F59               	goto	i1l2189
  4802                           
  4803                           ;adc_drv.c: 94: {
  4804                           ;adc_drv.c: 95: admax = ad_temp;
  4805  0754  082C               	movf	ADC_Sample@ad_temp+1,w	;volatile
  4806  0755  00AA               	movwf	ADC_Sample@admax+1	;volatile
  4807  0756  082B               	movf	ADC_Sample@ad_temp,w	;volatile
  4808  0757  00A9               	movwf	ADC_Sample@admax	;volatile
  4809  0758  2F6E               	goto	i1l2195
  4810  0759                     i1l2189:	
  4811                           ;adc_drv.c: 97: }
  4812                           
  4813                           ;adc_drv.c: 96: admin = ad_temp;
  4814                           
  4815                           
  4816                           ;adc_drv.c: 99: else if (ad_temp > admax)
  4817  0759  082C               	movf	ADC_Sample@ad_temp+1,w	;volatile
  4818  075A  022A               	subwf	ADC_Sample@admax+1,w	;volatile
  4819  075B  1D03               	skipz
  4820  075C  2F5F               	goto	u157_25
  4821  075D  082B               	movf	ADC_Sample@ad_temp,w	;volatile
  4822  075E  0229               	subwf	ADC_Sample@admax,w	;volatile
  4823  075F                     u157_25:	
  4824  075F  1803               	skipnc
  4825  0760  2F66               	goto	i1l2193
  4826                           
  4827                           ;adc_drv.c: 100: admax = ad_temp;
  4828  0761  082C               	movf	ADC_Sample@ad_temp+1,w	;volatile
  4829  0762  00AA               	movwf	ADC_Sample@admax+1	;volatile
  4830  0763  082B               	movf	ADC_Sample@ad_temp,w	;volatile
  4831  0764  00A9               	movwf	ADC_Sample@admax	;volatile
  4832  0765  2F72               	goto	i1l444
  4833  0766                     i1l2193:	
  4834                           
  4835                           ;adc_drv.c: 102: else if (ad_temp < admin)
  4836  0766  0828               	movf	ADC_Sample@admin+1,w	;volatile
  4837  0767  022C               	subwf	ADC_Sample@ad_temp+1,w	;volatile
  4838  0768  1D03               	skipz
  4839  0769  2F6C               	goto	u158_25
  4840  076A  0827               	movf	ADC_Sample@admin,w	;volatile
  4841  076B  022B               	subwf	ADC_Sample@ad_temp,w	;volatile
  4842  076C                     u158_25:	
  4843  076C  1803               	skipnc
  4844  076D  2F72               	goto	i1l444
  4845  076E                     i1l2195:	
  4846                           
  4847                           ;adc_drv.c: 103: admin = ad_temp;
  4848  076E  082C               	movf	ADC_Sample@ad_temp+1,w	;volatile
  4849  076F  00A8               	movwf	ADC_Sample@admin+1	;volatile
  4850  0770  082B               	movf	ADC_Sample@ad_temp,w	;volatile
  4851  0771  00A7               	movwf	ADC_Sample@admin	;volatile
  4852  0772                     i1l444:	
  4853                           
  4854                           ;adc_drv.c: 105: adsum += ad_temp;
  4855  0772  082B               	movf	ADC_Sample@ad_temp,w	;volatile
  4856  0773  00F1               	movwf	??_ADC_Sample
  4857  0774  082C               	movf	ADC_Sample@ad_temp+1,w	;volatile
  4858  0775  00F2               	movwf	??_ADC_Sample+1
  4859  0776  01F3               	clrf	??_ADC_Sample+2
  4860  0777  01F4               	clrf	??_ADC_Sample+3
  4861  0778  0871               	movf	??_ADC_Sample,w
  4862  0779  07A3               	addwf	ADC_Sample@adsum,f	;volatile
  4863  077A  0872               	movf	??_ADC_Sample+1,w
  4864  077B  1103               	clrz
  4865  077C  1803               	skipnc
  4866  077D  3E01               	addlw	1
  4867  077E  1D03               	btfss	3,2
  4868  077F  07A4               	addwf	ADC_Sample@adsum+1,f	;volatile
  4869  0780  0873               	movf	??_ADC_Sample+2,w
  4870  0781  1103               	clrz
  4871  0782  1803               	skipnc
  4872  0783  3E01               	addlw	1
  4873  0784  1D03               	btfss	3,2
  4874  0785  07A5               	addwf	ADC_Sample@adsum+2,f	;volatile
  4875  0786  0874               	movf	??_ADC_Sample+3,w
  4876  0787  1103               	clrz
  4877  0788  1803               	skipnc
  4878  0789  3E01               	addlw	1
  4879  078A  1D03               	btfss	3,2
  4880  078B  07A6               	addwf	ADC_Sample@adsum+3,f	;volatile
  4881  078C  300A               	movlw	10
  4882  078D  0AA2               	incf	ADC_Sample@i,f
  4883  078E  0222               	subwf	ADC_Sample@i,w
  4884  078F  1C03               	skipc
  4885  0790  2F1A               	goto	i1l2171
  4886                           
  4887                           ;adc_drv.c: 106: }
  4888                           ;adc_drv.c: 109: adsum -= admax;
  4889  0791  0829               	movf	ADC_Sample@admax,w	;volatile
  4890  0792  00F1               	movwf	??_ADC_Sample
  4891  0793  082A               	movf	ADC_Sample@admax+1,w	;volatile
  4892  0794  27D5  120A  118A   	fcall	PL10	;call to abstracted procedure
  4893  0797  1C03               	skipc
  4894  0798  0F74               	incfsz	??_ADC_Sample+3,w
  4895  0799  02A6               	subwf	ADC_Sample@adsum+3,f	;volatile
  4896                           
  4897                           ;adc_drv.c: 110: if (adsum >= admin)
  4898  079A  0827               	movf	ADC_Sample@admin,w	;volatile
  4899  079B  00F1               	movwf	??_ADC_Sample
  4900  079C  0828               	movf	ADC_Sample@admin+1,w	;volatile
  4901  079D  00F2               	movwf	??_ADC_Sample+1
  4902  079E  01F3               	clrf	??_ADC_Sample+2
  4903  079F  01F4               	clrf	??_ADC_Sample+3
  4904  07A0  0874               	movf	??_ADC_Sample+3,w
  4905  07A1  0226               	subwf	ADC_Sample@adsum+3,w	;volatile
  4906  07A2  1D03               	skipz
  4907  07A3  2FAE               	goto	u162_25
  4908  07A4  0873               	movf	??_ADC_Sample+2,w
  4909  07A5  0225               	subwf	ADC_Sample@adsum+2,w	;volatile
  4910  07A6  1D03               	skipz
  4911  07A7  2FAE               	goto	u162_25
  4912  07A8  0872               	movf	??_ADC_Sample+1,w
  4913  07A9  0224               	subwf	ADC_Sample@adsum+1,w	;volatile
  4914  07AA  1D03               	skipz
  4915  07AB  2FAE               	goto	u162_25
  4916  07AC  0871               	movf	??_ADC_Sample,w
  4917  07AD  0223               	subwf	ADC_Sample@adsum,w	;volatile
  4918  07AE                     u162_25:	
  4919  07AE  1C03               	skipc
  4920  07AF  2FBA               	goto	i1l448
  4921                           
  4922                           ;adc_drv.c: 111: adsum -= admin;
  4923  07B0  0827               	movf	ADC_Sample@admin,w	;volatile
  4924  07B1  00F1               	movwf	??_ADC_Sample
  4925  07B2  0828               	movf	ADC_Sample@admin+1,w	;volatile
  4926  07B3  27D5  120A  118A   	fcall	PL10	;call to abstracted procedure
  4927  07B6  1C03               	skipc
  4928  07B7  0F74               	incfsz	??_ADC_Sample+3,w
  4929  07B8  02A6               	subwf	ADC_Sample@adsum+3,f	;volatile
  4930  07B9  2FBE               	goto	i1l2205
  4931  07BA                     i1l448:	
  4932                           
  4933                           ;adc_drv.c: 112: else
  4934                           ;adc_drv.c: 113: adsum = 0;
  4935  07BA  01A3               	clrf	ADC_Sample@adsum	;volatile
  4936  07BB  01A4               	clrf	ADC_Sample@adsum+1	;volatile
  4937  07BC  01A5               	clrf	ADC_Sample@adsum+2	;volatile
  4938  07BD  01A6               	clrf	ADC_Sample@adsum+3	;volatile
  4939  07BE                     i1l2205:	
  4940                           
  4941                           ;adc_drv.c: 115: adresult = adsum >> 3;
  4942  07BE  0823               	movf	ADC_Sample@adsum,w	;volatile
  4943  07BF  00F1               	movwf	??_ADC_Sample
  4944  07C0  0824               	movf	ADC_Sample@adsum+1,w	;volatile
  4945  07C1  00F2               	movwf	??_ADC_Sample+1
  4946  07C2  0825               	movf	ADC_Sample@adsum+2,w	;volatile
  4947  07C3  00F3               	movwf	??_ADC_Sample+2
  4948  07C4  0826               	movf	ADC_Sample@adsum+3,w	;volatile
  4949  07C5  00F4               	movwf	??_ADC_Sample+3
  4950  07C6  3003               	movlw	3
  4951  07C7                     u164_25:	
  4952  07C7  1003               	clrc
  4953  07C8  0CF4               	rrf	??_ADC_Sample+3,f
  4954  07C9  0CF3               	rrf	??_ADC_Sample+2,f
  4955  07CA  0CF2               	rrf	??_ADC_Sample+1,f
  4956  07CB  0CF1               	rrf	??_ADC_Sample,f
  4957  07CC  3EFF               	addlw	-1
  4958  07CD  1D03               	skipz
  4959  07CE  2FC7               	goto	u164_25
  4960  07CF  0872               	movf	??_ADC_Sample+1,w
  4961  07D0  00D8               	movwf	_adresult+1	;volatile
  4962  07D1  0871               	movf	??_ADC_Sample,w
  4963  07D2  00D7               	movwf	_adresult	;volatile
  4964                           
  4965                           ;adc_drv.c: 118: adsum = 0;
  4966                           
  4967                           ;adc_drv.c: 119: admin = 0;
  4968                           
  4969                           ;adc_drv.c: 120: admax = 0;
  4970  07D3  27E4               	fcall	PL14	;call to abstracted procedure
  4971                           
  4972                           ;adc_drv.c: 121: return 0xA5;
  4973  07D4  34A5               	retlw	165
  4974  07D5                     __end_of_ADC_Sample:	
  4975  07D5                     PL10:	
  4976  07D5  00F2               	movwf	??_ADC_Sample+1
  4977  07D6  01F3               	clrf	??_ADC_Sample+2
  4978  07D7  01F4               	clrf	??_ADC_Sample+3
  4979  07D8  0871               	movf	??_ADC_Sample,w
  4980  07D9  02A3               	subwf	ADC_Sample@adsum,f	;volatile
  4981  07DA  0872               	movf	??_ADC_Sample+1,w
  4982  07DB  1C03               	skipc
  4983  07DC  0F72               	incfsz	??_ADC_Sample+1,w
  4984  07DD  02A4               	subwf	ADC_Sample@adsum+1,f	;volatile
  4985  07DE  0873               	movf	??_ADC_Sample+2,w
  4986  07DF  1C03               	skipc
  4987  07E0  0F73               	incfsz	??_ADC_Sample+2,w
  4988  07E1  02A5               	subwf	ADC_Sample@adsum+2,f	;volatile
  4989  07E2  0874               	movf	??_ADC_Sample+3,w
  4990  07E3  0008               	return
  4991  07E4                     __end_ofPL10:	
  4992  07E4                     PL14:	
  4993  07E4  01A3               	clrf	ADC_Sample@adsum	;volatile
  4994  07E5  01A4               	clrf	ADC_Sample@adsum+1	;volatile
  4995  07E6  01A5               	clrf	ADC_Sample@adsum+2	;volatile
  4996  07E7  01A6               	clrf	ADC_Sample@adsum+3	;volatile
  4997  07E8  01A7               	clrf	ADC_Sample@admin	;volatile
  4998  07E9  01A8               	clrf	ADC_Sample@admin+1	;volatile
  4999  07EA  01A9               	clrf	ADC_Sample@admax	;volatile
  5000  07EB  01AA               	clrf	ADC_Sample@admax+1	;volatile
  5001  07EC  0008               	return
  5002  07ED                     __end_ofPL14:	
  5003                           
  5004                           	psect	text26
  5005  0DD3                     __ptext26:	
  5006 ;; *************** function _Charging_Control *****************
  5007 ;; Defined at:
  5008 ;;		line 322 in file "E:\1.workspace\7.other\17.charge_demo\charge_demo\06-release\SC8F096_Timer_Demo\charge_mgr.c"
  5009 ;; Parameters:    Size  Location     Type
  5010 ;;		None
  5011 ;; Auto vars:     Size  Location     Type
  5012 ;;  s               1    6[COMMON] unsigned char 
  5013 ;;  i               1    7[COMMON] unsigned char 
  5014 ;;  chargeB7_12     1    5[COMMON] unsigned char 
  5015 ;;  chargeB1_6      1    4[COMMON] unsigned char 
  5016 ;; Return value:  Size  Location     Type
  5017 ;;                  1    wreg      void 
  5018 ;; Registers used:
  5019 ;;		wreg, fsr0l, fsr0h, status,2, status,0, pclath, cstack
  5020 ;; Tracked objects:
  5021 ;;		On entry : 800/A00
  5022 ;;		On exit  : 300/0
  5023 ;;		Unchanged: 0/0
  5024 ;; Data sizes:     COMMON   BANK0   BANK1   BANK3   BANK2
  5025 ;;      Params:         0       0       0       0       0
  5026 ;;      Locals:         5       0       0       0       0
  5027 ;;      Temps:          0       0       0       0       0
  5028 ;;      Totals:         5       0       0       0       0
  5029 ;;Total ram usage:        5 bytes
  5030 ;; Hardware stack levels used:    1
  5031 ;; Hardware stack levels required when called:    1
  5032 ;; This function calls:
  5033 ;;		i1___bmul
  5034 ;; This function is called by:
  5035 ;;		_Interrupt_Isr
  5036 ;; This function uses a non-reentrant model
  5037 ;;
  5038                           
  5039                           
  5040                           ;psect for function _Charging_Control
  5041  0DD3                     _Charging_Control:	
  5042                           
  5043                           ;charge_mgr.c: 324: unsigned char i;
  5044                           ;charge_mgr.c: 325: unsigned char chargeB1_6 = 0;
  5045                           
  5046                           ;incstack = 0
  5047                           ; Regs used in _Charging_Control: [wreg-fsr0h+status,2+status,0+pclath+cstack]
  5048  0DD3  01F4               	clrf	Charging_Control@chargeB1_6
  5049                           
  5050                           ;charge_mgr.c: 326: unsigned char chargeB7_12 = 0;
  5051  0DD4  01F5               	clrf	Charging_Control@chargeB7_12
  5052                           
  5053                           ;charge_mgr.c: 329: if(g_tempProtect)
  5054  0DD5  1283               	bcf	3,5	;RP0=0, select bank0
  5055  0DD6  1303               	bcf	3,6	;RP1=0, select bank0
  5056  0DD7  0856               	movf	_g_tempProtect,w
  5057  0DD8  1903               	btfsc	3,2
  5058  0DD9  2DF2               	goto	i1l3523
  5059                           
  5060                           ;charge_mgr.c: 330: {
  5061                           ;charge_mgr.c: 331: do { RA0=1; RA1=1; RB3=1; RB2=1; RA3=1; RA2=1; RD1=1; RD3=1; RB0=1; 
      +                          RB1=1; RD2=1; RD0=1; } while(0);
  5062  0DDA  1683               	bsf	3,5	;RP0=1, select bank1
  5063  0DDB  1406               	bsf	6,0	;volatile
  5064  0DDC  1486               	bsf	6,1	;volatile
  5065  0DDD  1283               	bcf	3,5	;RP0=0, select bank0
  5066  0DDE  1586               	bsf	6,3	;volatile
  5067  0DDF  1506               	bsf	6,2	;volatile
  5068  0DE0  1683               	bsf	3,5	;RP0=1, select bank1
  5069  0DE1  1586               	bsf	6,3	;volatile
  5070  0DE2  1506               	bsf	6,2	;volatile
  5071  0DE3  1283               	bcf	3,5	;RP0=0, select bank2
  5072  0DE4  1703               	bsf	3,6	;RP1=1, select bank2
  5073  0DE5  1487               	bsf	7,1	;volatile
  5074  0DE6  1587               	bsf	7,3	;volatile
  5075  0DE7  1303               	bcf	3,6	;RP1=0, select bank0
  5076  0DE8  1406               	bsf	6,0	;volatile
  5077  0DE9  1486               	bsf	6,1	;volatile
  5078  0DEA  1703               	bsf	3,6	;RP1=1, select bank2
  5079  0DEB  1507               	bsf	7,2	;volatile
  5080  0DEC  1407               	bsf	7,0	;volatile
  5081                           
  5082                           ;charge_mgr.c: 332: RC3 = 0;
  5083  0DED  1186               	bcf	6,3	;volatile
  5084                           
  5085                           ;charge_mgr.c: 333: RC2 = 0;
  5086  0DEE  1106               	bcf	6,2	;volatile
  5087                           
  5088                           ;charge_mgr.c: 334: RB7 = 0;
  5089  0DEF  1303               	bcf	3,6	;RP1=0, select bank0
  5090  0DF0  1386               	bcf	6,7	;volatile
  5091                           
  5092                           ;charge_mgr.c: 335: return;
  5093  0DF1  0008               	return
  5094  0DF2                     i1l3523:	
  5095                           
  5096                           ;charge_mgr.c: 336: }
  5097                           ;charge_mgr.c: 339: for(i = 0; i < 12; i++)
  5098  0DF2  01F7               	clrf	Charging_Control@i
  5099  0DF3                     i1l3529:	
  5100                           
  5101                           ;charge_mgr.c: 340: {
  5102                           ;charge_mgr.c: 341: unsigned char s = (((i) < 6) ? &g_slot0[(i)] : &g_slot1[(i)-6])->sta
      +                          te;
  5103  0DF3  3006               	movlw	6
  5104  0DF4  0277               	subwf	Charging_Control@i,w
  5105  0DF5  300C               	movlw	12
  5106  0DF6  00F0               	movwf	i1___bmul@multiplicand
  5107  0DF7  0877               	movf	Charging_Control@i,w
  5108  0DF8  1C03               	skipc
  5109  0DF9  2E01               	goto	L66
  5110  0DFA  120A  118A  22E8  120A  158A  	fcall	i1___bmul
  5111  0DFF  3ED8               	addlw	(low ((_g_slot1| (0+256)+184)))& (0+255)
  5112  0E00  2E07               	goto	L57
  5113  0E01                     L66:	
  5114  0E01  120A  118A  22E8  120A  158A  	fcall	i1___bmul
  5115  0E06  3EA0               	addlw	(low (_g_slot0| (0+256)))& (0+255)
  5116  0E07                     L57:	
  5117  0E07  00F3               	movwf	_Charging_Control$449
  5118  0E08  0A73               	incf	_Charging_Control$449,w
  5119  0E09  0084               	movwf	4
  5120  0E0A  1783               	bsf	3,7	;select IRP bank2
  5121  0E0B  0800               	movf	0,w
  5122  0E0C  00F6               	movwf	Charging_Control@s
  5123                           
  5124                           ;charge_mgr.c: 344: if(s == 2 || s == 3 ||
  5125                           ;charge_mgr.c: 345: s == 4 || s == 5)
  5126  0E0D  3A02               	xorlw	2
  5127  0E0E  1903               	btfsc	3,2
  5128  0E0F  2E45               	goto	i1l3547
  5129  0E10  3003               	movlw	3
  5130  0E11  0676               	xorwf	Charging_Control@s,w
  5131  0E12  1903               	btfsc	3,2
  5132  0E13  2E45               	goto	i1l3547
  5133  0E14  3004               	movlw	4
  5134  0E15  0676               	xorwf	Charging_Control@s,w
  5135  0E16  1903               	btfsc	3,2
  5136  0E17  2E45               	goto	i1l3547
  5137  0E18  3005               	movlw	5
  5138  0E19  0676               	xorwf	Charging_Control@s,w
  5139  0E1A  1903               	btfsc	3,2
  5140  0E1B  2E45               	goto	i1l3547
  5141  0E1C  2E9D               	goto	i1l3555
  5142  0E1D                     i1l563:	
  5143  0E1D  1683               	bsf	3,5	;RP0=1, select bank1
  5144  0E1E  2E36               	goto	L58
  5145  0E1F                     i1l565:	
  5146  0E1F  1683               	bsf	3,5	;RP0=1, select bank1
  5147  0E20  2E3A               	goto	L59
  5148  0E21                     i1l566:	
  5149  0E21  1283               	bcf	3,5	;RP0=0, select bank0
  5150  0E22  2E26               	goto	L60
  5151  0E23                     i1l567:	
  5152  0E23  1283               	bcf	3,5	;RP0=0, select bank0
  5153  0E24  2E2A               	goto	L61
  5154  0E25                     i1l568:	
  5155  0E25  1683               	bsf	3,5	;RP0=1, select bank1
  5156  0E26                     L60:	
  5157  0E26  1303               	bcf	3,6	;RP1=0, select bank1
  5158  0E27  1186               	bcf	6,3	;volatile
  5159  0E28  2E6B               	goto	i1l3549
  5160  0E29                     i1l569:	
  5161  0E29  1683               	bsf	3,5	;RP0=1, select bank1
  5162  0E2A                     L61:	
  5163  0E2A  1303               	bcf	3,6	;RP1=0, select bank1
  5164  0E2B  1106               	bcf	6,2	;volatile
  5165  0E2C  2E6B               	goto	i1l3549
  5166  0E2D                     i1l570:	
  5167  0E2D  1283               	bcf	3,5	;RP0=0, select bank2
  5168  0E2E  1703               	bsf	3,6	;RP1=1, select bank2
  5169  0E2F  1087               	bcf	7,1	;volatile
  5170  0E30  2E6B               	goto	i1l3549
  5171  0E31                     i1l571:	
  5172  0E31  1283               	bcf	3,5	;RP0=0, select bank2
  5173  0E32  1703               	bsf	3,6	;RP1=1, select bank2
  5174  0E33  1187               	bcf	7,3	;volatile
  5175  0E34  2E6B               	goto	i1l3549
  5176  0E35                     i1l572:	
  5177  0E35  1283               	bcf	3,5	;RP0=0, select bank0
  5178  0E36                     L58:	
  5179  0E36  1303               	bcf	3,6	;RP1=0, select bank0
  5180  0E37  1006               	bcf	6,0	;volatile
  5181  0E38  2E6B               	goto	i1l3549
  5182  0E39                     i1l573:	
  5183  0E39  1283               	bcf	3,5	;RP0=0, select bank0
  5184  0E3A                     L59:	
  5185  0E3A  1303               	bcf	3,6	;RP1=0, select bank0
  5186  0E3B  1086               	bcf	6,1	;volatile
  5187  0E3C  2E6B               	goto	i1l3549
  5188  0E3D                     i1l574:	
  5189  0E3D  1283               	bcf	3,5	;RP0=0, select bank2
  5190  0E3E  1703               	bsf	3,6	;RP1=1, select bank2
  5191  0E3F  1107               	bcf	7,2	;volatile
  5192  0E40  2E6B               	goto	i1l3549
  5193  0E41                     i1l575:	
  5194  0E41  1283               	bcf	3,5	;RP0=0, select bank2
  5195  0E42  1703               	bsf	3,6	;RP1=1, select bank2
  5196  0E43  1007               	bcf	7,0	;volatile
  5197  0E44  2E6B               	goto	i1l3549
  5198  0E45                     i1l3547:	
  5199  0E45  0877               	movf	Charging_Control@i,w
  5200                           
  5201                           ; Switch size 1, requested type "space"
  5202                           ; Number of cases is 12, Range of values is 0 to 11
  5203                           ; switch strategies available:
  5204                           ; Name         Instructions Cycles
  5205                           ; simple_byte           37    19 (average)
  5206                           ; direct_byte           44     8 (fixed)
  5207                           ; jumptable            260     6 (fixed)
  5208                           ;	Chosen strategy is simple_byte
  5209  0E46  3A00               	xorlw	0	; case 0
  5210  0E47  1903               	skipnz
  5211  0E48  2E1D               	goto	i1l563
  5212  0E49  3A01               	xorlw	1	; case 1
  5213  0E4A  1903               	skipnz
  5214  0E4B  2E1F               	goto	i1l565
  5215  0E4C  3A03               	xorlw	3	; case 2
  5216  0E4D  1903               	skipnz
  5217  0E4E  2E21               	goto	i1l566
  5218  0E4F  3A01               	xorlw	1	; case 3
  5219  0E50  1903               	skipnz
  5220  0E51  2E23               	goto	i1l567
  5221  0E52  3A07               	xorlw	7	; case 4
  5222  0E53  1903               	skipnz
  5223  0E54  2E25               	goto	i1l568
  5224  0E55  3A01               	xorlw	1	; case 5
  5225  0E56  1903               	skipnz
  5226  0E57  2E29               	goto	i1l569
  5227  0E58  3A03               	xorlw	3	; case 6
  5228  0E59  1903               	skipnz
  5229  0E5A  2E2D               	goto	i1l570
  5230  0E5B  3A01               	xorlw	1	; case 7
  5231  0E5C  1903               	skipnz
  5232  0E5D  2E31               	goto	i1l571
  5233  0E5E  3A0F               	xorlw	15	; case 8
  5234  0E5F  1903               	skipnz
  5235  0E60  2E35               	goto	i1l572
  5236  0E61  3A01               	xorlw	1	; case 9
  5237  0E62  1903               	skipnz
  5238  0E63  2E39               	goto	i1l573
  5239  0E64  3A03               	xorlw	3	; case 10
  5240  0E65  1903               	skipnz
  5241  0E66  2E3D               	goto	i1l574
  5242  0E67  3A01               	xorlw	1	; case 11
  5243  0E68  1903               	skipnz
  5244  0E69  2E41               	goto	i1l575
  5245  0E6A  2E6B               	goto	i1l3549
  5246  0E6B                     i1l3549:	
  5247                           
  5248                           ;charge_mgr.c: 350: if(i < 6)
  5249  0E6B  3006               	movlw	6
  5250  0E6C  0277               	subwf	Charging_Control@i,w
  5251  0E6D  1803               	skipnc
  5252  0E6E  2E72               	goto	i1l577
  5253                           
  5254                           ;charge_mgr.c: 351: chargeB1_6 = 1;
  5255  0E6F  01F4               	clrf	Charging_Control@chargeB1_6
  5256  0E70  0AF4               	incf	Charging_Control@chargeB1_6,f
  5257  0E71  2EC3               	goto	i1l3557
  5258  0E72                     i1l577:	
  5259                           
  5260                           ;charge_mgr.c: 352: else
  5261                           ;charge_mgr.c: 353: chargeB7_12 = 1;
  5262  0E72  01F5               	clrf	Charging_Control@chargeB7_12
  5263  0E73  0AF5               	incf	Charging_Control@chargeB7_12,f
  5264  0E74  2EC3               	goto	i1l3557
  5265  0E75                     i1l582:	
  5266  0E75  1683               	bsf	3,5	;RP0=1, select bank1
  5267  0E76  2E8E               	goto	L62
  5268  0E77                     i1l584:	
  5269  0E77  1683               	bsf	3,5	;RP0=1, select bank1
  5270  0E78  2E92               	goto	L63
  5271  0E79                     i1l585:	
  5272  0E79  1283               	bcf	3,5	;RP0=0, select bank0
  5273  0E7A  2E7E               	goto	L64
  5274  0E7B                     i1l586:	
  5275  0E7B  1283               	bcf	3,5	;RP0=0, select bank0
  5276  0E7C  2E82               	goto	L65
  5277  0E7D                     i1l587:	
  5278  0E7D  1683               	bsf	3,5	;RP0=1, select bank1
  5279  0E7E                     L64:	
  5280  0E7E  1303               	bcf	3,6	;RP1=0, select bank1
  5281  0E7F  1586               	bsf	6,3	;volatile
  5282  0E80  2EC3               	goto	i1l3557
  5283  0E81                     i1l588:	
  5284  0E81  1683               	bsf	3,5	;RP0=1, select bank1
  5285  0E82                     L65:	
  5286  0E82  1303               	bcf	3,6	;RP1=0, select bank1
  5287  0E83  1506               	bsf	6,2	;volatile
  5288  0E84  2EC3               	goto	i1l3557
  5289  0E85                     i1l589:	
  5290  0E85  1283               	bcf	3,5	;RP0=0, select bank2
  5291  0E86  1703               	bsf	3,6	;RP1=1, select bank2
  5292  0E87  1487               	bsf	7,1	;volatile
  5293  0E88  2EC3               	goto	i1l3557
  5294  0E89                     i1l590:	
  5295  0E89  1283               	bcf	3,5	;RP0=0, select bank2
  5296  0E8A  1703               	bsf	3,6	;RP1=1, select bank2
  5297  0E8B  1587               	bsf	7,3	;volatile
  5298  0E8C  2EC3               	goto	i1l3557
  5299  0E8D                     i1l591:	
  5300  0E8D  1283               	bcf	3,5	;RP0=0, select bank0
  5301  0E8E                     L62:	
  5302  0E8E  1303               	bcf	3,6	;RP1=0, select bank0
  5303  0E8F  1406               	bsf	6,0	;volatile
  5304  0E90  2EC3               	goto	i1l3557
  5305  0E91                     i1l592:	
  5306  0E91  1283               	bcf	3,5	;RP0=0, select bank0
  5307  0E92                     L63:	
  5308  0E92  1303               	bcf	3,6	;RP1=0, select bank0
  5309  0E93  1486               	bsf	6,1	;volatile
  5310  0E94  2EC3               	goto	i1l3557
  5311  0E95                     i1l593:	
  5312  0E95  1283               	bcf	3,5	;RP0=0, select bank2
  5313  0E96  1703               	bsf	3,6	;RP1=1, select bank2
  5314  0E97  1507               	bsf	7,2	;volatile
  5315  0E98  2EC3               	goto	i1l3557
  5316  0E99                     i1l594:	
  5317  0E99  1283               	bcf	3,5	;RP0=0, select bank2
  5318  0E9A  1703               	bsf	3,6	;RP1=1, select bank2
  5319  0E9B  1407               	bsf	7,0	;volatile
  5320  0E9C  2EC3               	goto	i1l3557
  5321  0E9D                     i1l3555:	
  5322  0E9D  0877               	movf	Charging_Control@i,w
  5323                           
  5324                           ; Switch size 1, requested type "space"
  5325                           ; Number of cases is 12, Range of values is 0 to 11
  5326                           ; switch strategies available:
  5327                           ; Name         Instructions Cycles
  5328                           ; simple_byte           37    19 (average)
  5329                           ; direct_byte           44     8 (fixed)
  5330                           ; jumptable            260     6 (fixed)
  5331                           ;	Chosen strategy is simple_byte
  5332  0E9E  3A00               	xorlw	0	; case 0
  5333  0E9F  1903               	skipnz
  5334  0EA0  2E75               	goto	i1l582
  5335  0EA1  3A01               	xorlw	1	; case 1
  5336  0EA2  1903               	skipnz
  5337  0EA3  2E77               	goto	i1l584
  5338  0EA4  3A03               	xorlw	3	; case 2
  5339  0EA5  1903               	skipnz
  5340  0EA6  2E79               	goto	i1l585
  5341  0EA7  3A01               	xorlw	1	; case 3
  5342  0EA8  1903               	skipnz
  5343  0EA9  2E7B               	goto	i1l586
  5344  0EAA  3A07               	xorlw	7	; case 4
  5345  0EAB  1903               	skipnz
  5346  0EAC  2E7D               	goto	i1l587
  5347  0EAD  3A01               	xorlw	1	; case 5
  5348  0EAE  1903               	skipnz
  5349  0EAF  2E81               	goto	i1l588
  5350  0EB0  3A03               	xorlw	3	; case 6
  5351  0EB1  1903               	skipnz
  5352  0EB2  2E85               	goto	i1l589
  5353  0EB3  3A01               	xorlw	1	; case 7
  5354  0EB4  1903               	skipnz
  5355  0EB5  2E89               	goto	i1l590
  5356  0EB6  3A0F               	xorlw	15	; case 8
  5357  0EB7  1903               	skipnz
  5358  0EB8  2E8D               	goto	i1l591
  5359  0EB9  3A01               	xorlw	1	; case 9
  5360  0EBA  1903               	skipnz
  5361  0EBB  2E91               	goto	i1l592
  5362  0EBC  3A03               	xorlw	3	; case 10
  5363  0EBD  1903               	skipnz
  5364  0EBE  2E95               	goto	i1l593
  5365  0EBF  3A01               	xorlw	1	; case 11
  5366  0EC0  1903               	skipnz
  5367  0EC1  2E99               	goto	i1l594
  5368  0EC2  2EC3               	goto	i1l3557
  5369  0EC3                     i1l3557:	
  5370  0EC3  300C               	movlw	12
  5371  0EC4  0AF7               	incf	Charging_Control@i,f
  5372  0EC5  0277               	subwf	Charging_Control@i,w
  5373  0EC6  1C03               	skipc
  5374  0EC7  2DF3               	goto	i1l3529
  5375                           
  5376                           ;charge_mgr.c: 358: }
  5377                           ;charge_mgr.c: 359: }
  5378                           ;charge_mgr.c: 362: RC3 = chargeB1_6;
  5379  0EC8  1C74               	btfss	Charging_Control@chargeB1_6,0
  5380  0EC9  2ECE               	goto	u363_20
  5381  0ECA  1283               	bcf	3,5	;RP0=0, select bank2
  5382  0ECB  1703               	bsf	3,6	;RP1=1, select bank2
  5383  0ECC  1586               	bsf	6,3	;volatile
  5384  0ECD  2ED1               	goto	u364_24
  5385  0ECE                     u363_20:	
  5386  0ECE  1283               	bcf	3,5	;RP0=0, select bank2
  5387  0ECF  1703               	bsf	3,6	;RP1=1, select bank2
  5388  0ED0  1186               	bcf	6,3	;volatile
  5389  0ED1                     u364_24:	
  5390                           
  5391                           ;charge_mgr.c: 363: RC2 = chargeB7_12;
  5392  0ED1  1C75               	btfss	Charging_Control@chargeB7_12,0
  5393  0ED2  2ED7               	goto	u365_20
  5394  0ED3  1283               	bcf	3,5	;RP0=0, select bank2
  5395  0ED4  1703               	bsf	3,6	;RP1=1, select bank2
  5396  0ED5  1506               	bsf	6,2	;volatile
  5397  0ED6  2EDA               	goto	i1l3561
  5398  0ED7                     u365_20:	
  5399  0ED7  1283               	bcf	3,5	;RP0=0, select bank2
  5400  0ED8  1703               	bsf	3,6	;RP1=1, select bank2
  5401  0ED9  1106               	bcf	6,2	;volatile
  5402  0EDA                     i1l3561:	
  5403                           
  5404                           ;charge_mgr.c: 366: if(chargeB1_6 || chargeB7_12)
  5405  0EDA  0874               	movf	Charging_Control@chargeB1_6,w
  5406  0EDB  1903               	btfsc	3,2
  5407  0EDC  0875               	movf	Charging_Control@chargeB7_12,w
  5408  0EDD  1903               	btfsc	3,2
  5409  0EDE  2EE2               	goto	i1l596
  5410                           
  5411                           ;charge_mgr.c: 367: RB7 = 1;
  5412  0EDF  1303               	bcf	3,6	;RP1=0, select bank0
  5413  0EE0  1786               	bsf	6,7	;volatile
  5414  0EE1  0008               	return
  5415  0EE2                     i1l596:	
  5416                           
  5417                           ;charge_mgr.c: 368: else
  5418                           ;charge_mgr.c: 369: RB7 = 0;
  5419  0EE2  1303               	bcf	3,6	;RP1=0, select bank0
  5420  0EE3  1386               	bcf	6,7	;volatile
  5421  0EE4  0008               	return
  5422  0EE5                     __end_of_Charging_Control:	
  5423                           
  5424                           	psect	text27
  5425  0416                     __ptext27:	
  5426 ;; *************** function _ChargeProcess_Slot *****************
  5427 ;; Defined at:
  5428 ;;		line 142 in file "E:\1.workspace\7.other\17.charge_demo\charge_demo\06-release\SC8F096_Timer_Demo\charge_mgr.c"
  5429 ;; Parameters:    Size  Location     Type
  5430 ;;  idx             1    wreg     unsigned char 
  5431 ;; Auto vars:     Size  Location     Type
  5432 ;;  idx             1    5[COMMON] unsigned char 
  5433 ;;  v               2    8[COMMON] unsigned int 
  5434 ;;  tick            2    0        unsigned int 
  5435 ;;  p               1   10[COMMON] PTR struct .
  5436 ;;		 -> g_slot1(72), g_slot0(72), 
  5437 ;; Return value:  Size  Location     Type
  5438 ;;                  1    wreg      void 
  5439 ;; Registers used:
  5440 ;;		wreg, fsr0l, fsr0h, status,2, status,0, pclath, cstack
  5441 ;; Tracked objects:
  5442 ;;		On entry : 300/0
  5443 ;;		On exit  : 800/800
  5444 ;;		Unchanged: 0/0
  5445 ;; Data sizes:     COMMON   BANK0   BANK1   BANK3   BANK2
  5446 ;;      Params:         0       0       0       0       0
  5447 ;;      Locals:         6       0       0       0       0
  5448 ;;      Temps:          2       0       0       0       0
  5449 ;;      Totals:         8       0       0       0       0
  5450 ;;Total ram usage:        8 bytes
  5451 ;; Hardware stack levels used:    1
  5452 ;; Hardware stack levels required when called:    1
  5453 ;; This function calls:
  5454 ;;		_Detect_BatteryType
  5455 ;;		i1___bmul
  5456 ;; This function is called by:
  5457 ;;		_Interrupt_Isr
  5458 ;; This function uses a non-reentrant model
  5459 ;;
  5460                           
  5461                           
  5462                           ;psect for function _ChargeProcess_Slot
  5463  0416                     _ChargeProcess_Slot:	
  5464                           
  5465                           ;incstack = 0
  5466                           ; Regs used in _ChargeProcess_Slot: [wreg-fsr0h+status,2+status,0+pclath+cstack]
  5467                           ;ChargeProcess_Slot@idx stored from wreg
  5468  0416  00F5               	movwf	ChargeProcess_Slot@idx
  5469                           
  5470                           ;charge_mgr.c: 144: BatterySlot_t *p = (((idx) < 6) ? &g_slot0[(idx)] : &g_slot1[(idx)-6
      +                          ]);
  5471  0417  3006               	movlw	6
  5472  0418  0275               	subwf	ChargeProcess_Slot@idx,w
  5473  0419  300C               	movlw	12
  5474  041A  00F0               	movwf	i1___bmul@multiplicand
  5475  041B  0875               	movf	ChargeProcess_Slot@idx,w
  5476  041C  1C03               	skipc
  5477  041D  2C25               	goto	L68
  5478  041E  120A  118A  22E8  120A  118A  	fcall	i1___bmul
  5479  0423  3ED8               	addlw	(low ((_g_slot1| (0+256)+184)))& (0+255)
  5480  0424  2C2B               	goto	L67
  5481  0425                     L68:	
  5482  0425  120A  118A  22E8  120A  118A  	fcall	i1___bmul
  5483  042A  3EA0               	addlw	(low (_g_slot0| (0+256)))& (0+255)
  5484  042B                     L67:	
  5485  042B  00FA               	movwf	ChargeProcess_Slot@p
  5486                           
  5487                           ;charge_mgr.c: 145: unsigned int v = p->voltage;
  5488  042C  3E03               	addlw	3
  5489  042D  0084               	movwf	4
  5490  042E  1783               	bsf	3,7	;select IRP bank2
  5491  042F  0800               	movf	0,w
  5492  0430  00F8               	movwf	ChargeProcess_Slot@v
  5493  0431  0A84               	incf	4,f
  5494  0432  0800               	movf	0,w
  5495  0433  00F9               	movwf	ChargeProcess_Slot@v+1
  5496                           
  5497                           ;charge_mgr.c: 148: switch(p->state)
  5498  0434  2D37               	goto	i1l3447
  5499  0435                     i1l3331:	
  5500                           
  5501                           ;charge_mgr.c: 152: p->chargeTimer = 0;
  5502  0435  087A               	movf	ChargeProcess_Slot@p,w
  5503  0436  3E05               	addlw	5
  5504  0437  0084               	movwf	4
  5505  0438  0180               	clrf	0
  5506  0439  0A84               	incf	4,f
  5507  043A  0180               	clrf	0
  5508                           
  5509                           ;charge_mgr.c: 153: p->stableCnt = 0;
  5510  043B  087A               	movf	ChargeProcess_Slot@p,w
  5511  043C  3E0A               	addlw	10
  5512  043D  0084               	movwf	4
  5513  043E  0180               	clrf	0
  5514                           
  5515                           ;charge_mgr.c: 154: p->state = 1;
  5516  043F  0A7A               	incf	ChargeProcess_Slot@p,w
  5517  0440  0084               	movwf	4
  5518  0441  0180               	clrf	0
  5519  0442  0A80               	incf	0,f
  5520                           
  5521                           ;charge_mgr.c: 155: break;
  5522  0443  0008               	return
  5523  0444                     i1l3335:	
  5524                           
  5525                           ;charge_mgr.c: 159: p->chargeTimer += tick;
  5526                           
  5527                           ;charge_mgr.c: 160: if(p->chargeTimer < (2 * 111))
  5528  0444  258D  120A  118A   	fcall	PL2	;call to abstracted procedure
  5529  0447  3000               	movlw	0
  5530  0448  0274               	subwf	??_ChargeProcess_Slot+1,w
  5531  0449  30DE               	movlw	222
  5532  044A  1903               	skipnz
  5533  044B  0273               	subwf	??_ChargeProcess_Slot,w
  5534  044C  1C03               	btfss	3,0
  5535  044D  0008               	return
  5536                           
  5537                           ;charge_mgr.c: 164: p->type = Detect_BatteryType(v);
  5538  044E  087A               	movf	ChargeProcess_Slot@p,w
  5539  044F  0084               	movwf	4
  5540  0450  0879               	movf	ChargeProcess_Slot@v+1,w
  5541  0451  00F1               	movwf	Detect_BatteryType@voltage+1
  5542  0452  0878               	movf	ChargeProcess_Slot@v,w
  5543  0453  00F0               	movwf	Detect_BatteryType@voltage
  5544  0454  2554  120A  118A   	fcall	_Detect_BatteryType
  5545  0457  0080               	movwf	0
  5546                           
  5547                           ;charge_mgr.c: 167: if(p->type == 4 ||
  5548                           ;charge_mgr.c: 168: p->type == 2 ||
  5549                           ;charge_mgr.c: 169: p->type == 0)
  5550  0458  087A               	movf	ChargeProcess_Slot@p,w
  5551  0459  0084               	movwf	4
  5552  045A  3004               	movlw	4
  5553  045B  0600               	xorwf	0,w
  5554  045C  1903               	btfsc	3,2
  5555  045D  2C69               	goto	i1l3349
  5556  045E  087A               	movf	ChargeProcess_Slot@p,w
  5557  045F  0084               	movwf	4
  5558  0460  3002               	movlw	2
  5559  0461  0600               	xorwf	0,w
  5560  0462  1903               	btfsc	3,2
  5561  0463  2C69               	goto	i1l3349
  5562  0464  087A               	movf	ChargeProcess_Slot@p,w
  5563  0465  0084               	movwf	4
  5564  0466  0800               	movf	0,w
  5565  0467  1D03               	btfss	3,2
  5566  0468  2C6A               	goto	i1l3351
  5567  0469                     i1l3349:	
  5568                           
  5569                           ;charge_mgr.c: 170: {
  5570                           ;charge_mgr.c: 171: p->state = 7;
  5571                           
  5572                           ;charge_mgr.c: 172: break;
  5573  0469  2DA6               	ljmp	PL16	;call to abstracted procedure
  5574  046A                     i1l3351:	
  5575                           
  5576                           ;charge_mgr.c: 173: }
  5577                           ;charge_mgr.c: 176: if(v <= 12)
  5578  046A  3000               	movlw	0
  5579  046B  0279               	subwf	ChargeProcess_Slot@v+1,w
  5580  046C  300D               	movlw	13
  5581  046D  1903               	skipnz
  5582  046E  0278               	subwf	ChargeProcess_Slot@v,w
  5583  046F  1803               	skipnc
  5584  0470  2C80               	goto	i1l3359
  5585                           
  5586                           ;charge_mgr.c: 177: {
  5587                           ;charge_mgr.c: 178: p->state = 2;
  5588  0471  0A7A               	incf	ChargeProcess_Slot@p,w
  5589  0472  0084               	movwf	4
  5590  0473  3002               	movlw	2
  5591  0474  0080               	movwf	0
  5592                           
  5593                           ;charge_mgr.c: 179: p->chargeTimer = 0;
  5594  0475  087A               	movf	ChargeProcess_Slot@p,w
  5595  0476  3E05               	addlw	5
  5596  0477  0084               	movwf	4
  5597  0478  0180               	clrf	0
  5598  0479  0A84               	incf	4,f
  5599  047A  0180               	clrf	0
  5600                           
  5601                           ;charge_mgr.c: 180: p->activatePulseCnt = 0;
  5602  047B  087A               	movf	ChargeProcess_Slot@p,w
  5603  047C  3E0B               	addlw	11
  5604  047D  0084               	movwf	4
  5605  047E  0180               	clrf	0
  5606                           
  5607                           ;charge_mgr.c: 181: }
  5608  047F  0008               	return
  5609  0480                     i1l3359:	
  5610                           
  5611                           ;charge_mgr.c: 183: else if(v < 62)
  5612  0480  3000               	movlw	0
  5613  0481  0279               	subwf	ChargeProcess_Slot@v+1,w
  5614  0482  303E               	movlw	62
  5615  0483  1903               	skipnz
  5616  0484  0278               	subwf	ChargeProcess_Slot@v,w
  5617                           
  5618                           ;charge_mgr.c: 184: {
  5619                           ;charge_mgr.c: 185: p->state = 3;
  5620  0485  0A7A               	incf	ChargeProcess_Slot@p,w
  5621  0486  0084               	movwf	4
  5622  0487  1803               	skipnc
  5623  0488  2C8B               	goto	L69
  5624  0489  3003               	movlw	3
  5625                           
  5626                           ;charge_mgr.c: 186: p->chargeTimer = 0;
  5627                           
  5628                           ;charge_mgr.c: 187: }
  5629  048A  2D9E               	ljmp	PL4	;call to abstracted procedure
  5630  048B                     L69:	
  5631                           ;charge_mgr.c: 189: else
  5632                           ;charge_mgr.c: 190: {
  5633                           ;charge_mgr.c: 191: p->state = 4;
  5634                           
  5635  048B  3004               	movlw	4
  5636                           
  5637                           ;charge_mgr.c: 192: p->chargeTimer = 0;
  5638  048C  2D9E               	ljmp	PL4	;call to abstracted procedure
  5639  048D                     i1l3369:	
  5640                           
  5641                           ;charge_mgr.c: 199: p->chargeTimer += tick;
  5642                           
  5643                           ;charge_mgr.c: 201: if(p->chargeTimer > (60 * 111))
  5644  048D  258D  120A  118A   	fcall	PL2	;call to abstracted procedure
  5645  0490  301A               	movlw	26
  5646  0491  0274               	subwf	??_ChargeProcess_Slot+1,w
  5647  0492  3005               	movlw	5
  5648  0493  1903               	skipnz
  5649  0494  0273               	subwf	??_ChargeProcess_Slot,w
  5650  0495  1C03               	skipc
  5651  0496  2C98               	goto	i1l3375
  5652                           
  5653                           ;charge_mgr.c: 202: {
  5654                           ;charge_mgr.c: 203: p->state = 7;
  5655                           
  5656                           ;charge_mgr.c: 204: break;
  5657  0497  2DA6               	ljmp	PL16	;call to abstracted procedure
  5658  0498                     i1l3375:	
  5659                           
  5660                           ;charge_mgr.c: 205: }
  5661                           ;charge_mgr.c: 207: if(v > 12)
  5662  0498  3000               	movlw	0
  5663  0499  0279               	subwf	ChargeProcess_Slot@v+1,w
  5664  049A  300D               	movlw	13
  5665  049B  1903               	skipnz
  5666  049C  0278               	subwf	ChargeProcess_Slot@v,w
  5667  049D  1C03               	skipc
  5668  049E  2CA3               	goto	i1l3381
  5669                           
  5670                           ;charge_mgr.c: 208: {
  5671                           ;charge_mgr.c: 209: p->state = 3;
  5672  049F  0A7A               	incf	ChargeProcess_Slot@p,w
  5673  04A0  0084               	movwf	4
  5674  04A1  3003               	movlw	3
  5675                           
  5676                           ;charge_mgr.c: 210: p->chargeTimer = 0;
  5677                           
  5678                           ;charge_mgr.c: 211: break;
  5679  04A2  2D9E               	ljmp	PL4	;call to abstracted procedure
  5680  04A3                     i1l3381:	
  5681                           
  5682                           ;charge_mgr.c: 212: }
  5683                           ;charge_mgr.c: 214: if(v >= 198)
  5684  04A3  3000               	movlw	0
  5685  04A4  0279               	subwf	ChargeProcess_Slot@v+1,w
  5686  04A5  30C6               	movlw	198
  5687  04A6  1903               	skipnz
  5688  04A7  0278               	subwf	ChargeProcess_Slot@v,w
  5689  04A8  1C03               	skipc
  5690  04A9  0008               	return
  5691                           
  5692                           ;charge_mgr.c: 215: {
  5693                           ;charge_mgr.c: 216: p->state = 7;
  5694                           
  5695                           ;charge_mgr.c: 217: break;
  5696  04AA  2DA6               	ljmp	PL16	;call to abstracted procedure
  5697  04AB                     i1l3385:	
  5698                           
  5699                           ;charge_mgr.c: 223: p->chargeTimer += tick;
  5700                           
  5701                           ;charge_mgr.c: 225: if(p->chargeTimer > (300 * 111))
  5702  04AB  258D  120A  118A   	fcall	PL2	;call to abstracted procedure
  5703  04AE  3082               	movlw	130
  5704  04AF  0274               	subwf	??_ChargeProcess_Slot+1,w
  5705  04B0  3015               	movlw	21
  5706  04B1  1903               	skipnz
  5707  04B2  0273               	subwf	??_ChargeProcess_Slot,w
  5708  04B3  1C03               	skipc
  5709  04B4  2CB6               	goto	i1l3391
  5710                           
  5711                           ;charge_mgr.c: 226: {
  5712                           ;charge_mgr.c: 227: p->state = 7;
  5713                           
  5714                           ;charge_mgr.c: 228: break;
  5715  04B5  2DA6               	ljmp	PL16	;call to abstracted procedure
  5716  04B6                     i1l3391:	
  5717                           
  5718                           ;charge_mgr.c: 229: }
  5719                           ;charge_mgr.c: 231: if(v >= 198)
  5720  04B6  3000               	movlw	0
  5721  04B7  0279               	subwf	ChargeProcess_Slot@v+1,w
  5722  04B8  30C6               	movlw	198
  5723  04B9  1903               	skipnz
  5724  04BA  0278               	subwf	ChargeProcess_Slot@v,w
  5725  04BB  1C03               	skipc
  5726  04BC  2CBE               	goto	i1l3395
  5727                           
  5728                           ;charge_mgr.c: 232: {
  5729                           ;charge_mgr.c: 233: p->state = 7;
  5730                           
  5731                           ;charge_mgr.c: 234: break;
  5732  04BD  2DA6               	ljmp	PL16	;call to abstracted procedure
  5733  04BE                     i1l3395:	
  5734                           
  5735                           ;charge_mgr.c: 235: }
  5736                           ;charge_mgr.c: 237: if(v >= 124)
  5737  04BE  3000               	movlw	0
  5738  04BF  0279               	subwf	ChargeProcess_Slot@v+1,w
  5739  04C0  307C               	movlw	124
  5740  04C1  1903               	skipnz
  5741  04C2  0278               	subwf	ChargeProcess_Slot@v,w
  5742  04C3  1C03               	skipc
  5743  04C4  0008               	return
  5744                           
  5745                           ;charge_mgr.c: 238: {
  5746                           ;charge_mgr.c: 239: p->state = 4;
  5747  04C5  0A7A               	incf	ChargeProcess_Slot@p,w
  5748  04C6  0084               	movwf	4
  5749  04C7  3004               	movlw	4
  5750                           
  5751                           ;charge_mgr.c: 240: p->chargeTimer = 0;
  5752  04C8  2D9E               	ljmp	PL4	;call to abstracted procedure
  5753  04C9                     i1l3401:	
  5754                           
  5755                           ;charge_mgr.c: 246: p->chargeTimer += tick;
  5756                           
  5757                           ;charge_mgr.c: 248: if(p->chargeTimer > (10800 * 111))
  5758  04C9  258D  120A  118A   	fcall	PL2	;call to abstracted procedure
  5759  04CC  304A               	movlw	74
  5760  04CD  0274               	subwf	??_ChargeProcess_Slot+1,w
  5761  04CE  30D1               	movlw	209
  5762  04CF  1903               	skipnz
  5763  04D0  0273               	subwf	??_ChargeProcess_Slot,w
  5764  04D1  1C03               	skipc
  5765  04D2  2CD4               	goto	i1l3407
  5766                           
  5767                           ;charge_mgr.c: 249: {
  5768                           ;charge_mgr.c: 250: p->state = 7;
  5769                           
  5770                           ;charge_mgr.c: 251: break;
  5771  04D3  2DA6               	ljmp	PL16	;call to abstracted procedure
  5772  04D4                     i1l3407:	
  5773                           
  5774                           ;charge_mgr.c: 252: }
  5775                           ;charge_mgr.c: 254: if(v >= 198)
  5776  04D4  3000               	movlw	0
  5777  04D5  0279               	subwf	ChargeProcess_Slot@v+1,w
  5778  04D6  30C6               	movlw	198
  5779  04D7  1903               	skipnz
  5780  04D8  0278               	subwf	ChargeProcess_Slot@v,w
  5781  04D9  1C03               	skipc
  5782  04DA  2CDC               	goto	i1l3411
  5783                           
  5784                           ;charge_mgr.c: 255: {
  5785                           ;charge_mgr.c: 256: p->state = 7;
  5786                           
  5787                           ;charge_mgr.c: 257: break;
  5788  04DB  2DA6               	ljmp	PL16	;call to abstracted procedure
  5789  04DC                     i1l3411:	
  5790                           
  5791                           ;charge_mgr.c: 258: }
  5792                           ;charge_mgr.c: 260: if(v >= 188)
  5793  04DC  3000               	movlw	0
  5794  04DD  0279               	subwf	ChargeProcess_Slot@v+1,w
  5795  04DE  30BC               	movlw	188
  5796  04DF  1903               	skipnz
  5797  04E0  0278               	subwf	ChargeProcess_Slot@v,w
  5798  04E1  1C03               	skipc
  5799  04E2  0008               	return
  5800                           
  5801                           ;charge_mgr.c: 261: {
  5802                           ;charge_mgr.c: 262: p->state = 5;
  5803  04E3  0A7A               	incf	ChargeProcess_Slot@p,w
  5804  04E4  0084               	movwf	4
  5805  04E5  3005               	movlw	5
  5806                           
  5807                           ;charge_mgr.c: 263: p->chargeTimer = 0;
  5808  04E6  2D9E               	ljmp	PL4	;call to abstracted procedure
  5809  04E7                     i1l3417:	
  5810                           
  5811                           ;charge_mgr.c: 269: p->chargeTimer += tick;
  5812  04E7  087A               	movf	ChargeProcess_Slot@p,w
  5813  04E8  3E05               	addlw	5
  5814  04E9  0084               	movwf	4
  5815  04EA  3001               	movlw	1
  5816  04EB  0780               	addwf	0,f
  5817  04EC  0A84               	incf	4,f
  5818  04ED  1803               	skipnc
  5819  04EE  0A80               	incf	0,f
  5820                           
  5821                           ;charge_mgr.c: 271: if(v >= 198)
  5822  04EF  3000               	movlw	0
  5823  04F0  0279               	subwf	ChargeProcess_Slot@v+1,w
  5824  04F1  30C6               	movlw	198
  5825  04F2  1903               	skipnz
  5826  04F3  0278               	subwf	ChargeProcess_Slot@v,w
  5827  04F4  1C03               	skipc
  5828  04F5  2CF7               	goto	i1l3423
  5829                           
  5830                           ;charge_mgr.c: 272: {
  5831                           ;charge_mgr.c: 273: p->state = 7;
  5832                           
  5833                           ;charge_mgr.c: 274: break;
  5834  04F6  2DA6               	ljmp	PL16	;call to abstracted procedure
  5835  04F7                     i1l3423:	
  5836                           
  5837                           ;charge_mgr.c: 275: }
  5838                           ;charge_mgr.c: 277: if(p->chargeTimer > (600 * 111))
  5839  04F7  087A               	movf	ChargeProcess_Slot@p,w
  5840  04F8  3E05               	addlw	5
  5841  04F9  0084               	movwf	4
  5842  04FA  0800               	movf	0,w
  5843  04FB  00F3               	movwf	??_ChargeProcess_Slot
  5844  04FC  0A84               	incf	4,f
  5845  04FD  0800               	movf	0,w
  5846  04FE  00F4               	movwf	??_ChargeProcess_Slot+1
  5847  04FF  3004               	movlw	4
  5848  0500  0274               	subwf	??_ChargeProcess_Slot+1,w
  5849  0501  3029               	movlw	41
  5850  0502  1903               	skipnz
  5851  0503  0273               	subwf	??_ChargeProcess_Slot,w
  5852  0504  1C03               	skipc
  5853  0505  0008               	return
  5854                           
  5855                           ;charge_mgr.c: 278: {
  5856                           ;charge_mgr.c: 279: p->state = 6;
  5857  0506  0A7A               	incf	ChargeProcess_Slot@p,w
  5858  0507  0084               	movwf	4
  5859  0508  3006               	movlw	6
  5860  0509  0080               	movwf	0
  5861  050A  0008               	return
  5862  050B                     i1l3427:	
  5863                           
  5864                           ;charge_mgr.c: 286: if(v < (188 - 10))
  5865  050B  3000               	movlw	0
  5866  050C  0279               	subwf	ChargeProcess_Slot@v+1,w
  5867  050D  30B2               	movlw	178
  5868  050E  1903               	skipnz
  5869  050F  0278               	subwf	ChargeProcess_Slot@v,w
  5870  0510  1803               	skipnc
  5871  0511  0008               	return
  5872                           
  5873                           ;charge_mgr.c: 287: {
  5874                           ;charge_mgr.c: 288: p->state = 4;
  5875  0512  0A7A               	incf	ChargeProcess_Slot@p,w
  5876  0513  0084               	movwf	4
  5877  0514  3004               	movlw	4
  5878                           
  5879                           ;charge_mgr.c: 289: p->chargeTimer = 0;
  5880  0515  2D9E               	ljmp	PL4	;call to abstracted procedure
  5881  0516                     i1l3433:	
  5882                           
  5883                           ;charge_mgr.c: 296: if(v > 12 && v < 198 &&
  5884                           ;charge_mgr.c: 297: p->type == 1)
  5885  0516  3000               	movlw	0
  5886  0517  0279               	subwf	ChargeProcess_Slot@v+1,w
  5887  0518  300D               	movlw	13
  5888  0519  1903               	skipnz
  5889  051A  0278               	subwf	ChargeProcess_Slot@v,w
  5890  051B  1C03               	skipc
  5891  051C  0008               	return
  5892  051D  3000               	movlw	0
  5893  051E  0279               	subwf	ChargeProcess_Slot@v+1,w
  5894  051F  30C6               	movlw	198
  5895  0520  1903               	skipnz
  5896  0521  0278               	subwf	ChargeProcess_Slot@v,w
  5897  0522  1803               	skipnc
  5898  0523  0008               	return
  5899  0524  087A               	movf	ChargeProcess_Slot@p,w
  5900  0525  0084               	movwf	4
  5901  0526  0B00               	decfsz	0,w
  5902  0527  0008               	return
  5903                           
  5904                           ;charge_mgr.c: 298: {
  5905                           ;charge_mgr.c: 299: p->state = 1;
  5906  0528  0A7A               	incf	ChargeProcess_Slot@p,w
  5907  0529  0084               	movwf	4
  5908  052A  0180               	clrf	0
  5909  052B  0A80               	incf	0,f
  5910                           
  5911                           ;charge_mgr.c: 300: p->chargeTimer = 0;
  5912  052C  087A               	movf	ChargeProcess_Slot@p,w
  5913  052D  3E05               	addlw	5
  5914  052E  0084               	movwf	4
  5915  052F  0180               	clrf	0
  5916  0530  0A84               	incf	4,f
  5917  0531  0180               	clrf	0
  5918  0532  0008               	return
  5919  0533                     i1l3443:	
  5920                           
  5921                           ;charge_mgr.c: 305: p->state = 0;
  5922  0533  0A7A               	incf	ChargeProcess_Slot@p,w
  5923  0534  0084               	movwf	4
  5924  0535  0180               	clrf	0
  5925                           
  5926                           ;charge_mgr.c: 306: break;
  5927  0536  0008               	return
  5928  0537                     i1l3447:	
  5929  0537  0A7A               	incf	ChargeProcess_Slot@p,w
  5930  0538  0084               	movwf	4
  5931  0539  0800               	movf	0,w
  5932                           
  5933                           ; Switch size 1, requested type "space"
  5934                           ; Number of cases is 8, Range of values is 0 to 7
  5935                           ; switch strategies available:
  5936                           ; Name         Instructions Cycles
  5937                           ; simple_byte           25    13 (average)
  5938                           ; direct_byte           32     8 (fixed)
  5939                           ; jumptable            260     6 (fixed)
  5940                           ;	Chosen strategy is simple_byte
  5941  053A  3A00               	xorlw	0	; case 0
  5942  053B  1903               	skipnz
  5943  053C  2C35               	goto	i1l3331
  5944  053D  3A01               	xorlw	1	; case 1
  5945  053E  1903               	skipnz
  5946  053F  2C44               	goto	i1l3335
  5947  0540  3A03               	xorlw	3	; case 2
  5948  0541  1903               	skipnz
  5949  0542  2C8D               	goto	i1l3369
  5950  0543  3A01               	xorlw	1	; case 3
  5951  0544  1903               	skipnz
  5952  0545  2CAB               	goto	i1l3385
  5953  0546  3A07               	xorlw	7	; case 4
  5954  0547  1903               	skipnz
  5955  0548  2CC9               	goto	i1l3401
  5956  0549  3A01               	xorlw	1	; case 5
  5957  054A  1903               	skipnz
  5958  054B  2CE7               	goto	i1l3417
  5959  054C  3A03               	xorlw	3	; case 6
  5960  054D  1903               	skipnz
  5961  054E  2D0B               	goto	i1l3427
  5962  054F  3A01               	xorlw	1	; case 7
  5963  0550  1903               	skipnz
  5964  0551  2D16               	goto	i1l3433
  5965  0552  2D33               	goto	i1l3443
  5966  0553  0008               	return
  5967  0554                     __end_of_ChargeProcess_Slot:	
  5968  0554                     __ptext29:	
  5969 ;; *************** function _Detect_BatteryType *****************
  5970 ;; Defined at:
  5971 ;;		line 87 in file "E:\1.workspace\7.other\17.charge_demo\charge_demo\06-release\SC8F096_Timer_Demo\charge_mgr.c"
  5972 ;; Parameters:    Size  Location     Type
  5973 ;;  voltage         2    0[COMMON] unsigned int 
  5974 ;; Auto vars:     Size  Location     Type
  5975 ;;		None
  5976 ;; Return value:  Size  Location     Type
  5977 ;;                  1    wreg      unsigned char 
  5978 ;; Registers used:
  5979 ;;		wreg
  5980 ;; Tracked objects:
  5981 ;;		On entry : 800/800
  5982 ;;		On exit  : 800/800
  5983 ;;		Unchanged: 800/0
  5984 ;; Data sizes:     COMMON   BANK0   BANK1   BANK3   BANK2
  5985 ;;      Params:         2       0       0       0       0
  5986 ;;      Locals:         0       0       0       0       0
  5987 ;;      Temps:          0       0       0       0       0
  5988 ;;      Totals:         2       0       0       0       0
  5989 ;;Total ram usage:        2 bytes
  5990 ;; Hardware stack levels used:    1
  5991 ;; This function calls:
  5992 ;;		Nothing
  5993 ;; This function is called by:
  5994 ;;		_ChargeProcess_Slot
  5995 ;; This function uses a non-reentrant model
  5996 ;;
  5997                           
  5998                           
  5999                           ;psect for function _Detect_BatteryType
  6000  0554                     _Detect_BatteryType:	
  6001                           
  6002                           ;charge_mgr.c: 90: if(voltage <= 5)
  6003                           
  6004                           ;incstack = 0
  6005                           ; Regs used in _Detect_BatteryType: [wreg]
  6006  0554  3000               	movlw	0
  6007  0555  0271               	subwf	Detect_BatteryType@voltage+1,w
  6008  0556  3006               	movlw	6
  6009  0557  1903               	skipnz
  6010  0558  0270               	subwf	Detect_BatteryType@voltage,w
  6011  0559  1C03               	btfss	3,0
  6012                           
  6013                           ;charge_mgr.c: 91: return 4;
  6014  055A  3404               	retlw	4
  6015                           
  6016                           ;charge_mgr.c: 94: if(voltage <= 12)
  6017  055B  3000               	movlw	0
  6018  055C  0271               	subwf	Detect_BatteryType@voltage+1,w
  6019  055D  300D               	movlw	13
  6020  055E  1903               	skipnz
  6021  055F  0270               	subwf	Detect_BatteryType@voltage,w
  6022  0560  1C03               	btfss	3,0
  6023                           
  6024                           ;charge_mgr.c: 95: return 1;
  6025  0561  3401               	retlw	1
  6026                           
  6027                           ;charge_mgr.c: 98: if(voltage >= 136 && voltage <= 161)
  6028  0562  3000               	movlw	0
  6029  0563  0271               	subwf	Detect_BatteryType@voltage+1,w
  6030  0564  3088               	movlw	136
  6031  0565  1903               	skipnz
  6032  0566  0270               	subwf	Detect_BatteryType@voltage,w
  6033  0567  3000               	movlw	0
  6034  0568  1C03               	skipc
  6035  0569  2D71               	goto	L70
  6036  056A  0271               	subwf	Detect_BatteryType@voltage+1,w
  6037  056B  30A2               	movlw	162
  6038  056C  1903               	skipnz
  6039  056D  0270               	subwf	Detect_BatteryType@voltage,w
  6040  056E  1C03               	btfss	3,0
  6041                           
  6042                           ;charge_mgr.c: 99: return 2;
  6043  056F  3402               	retlw	2
  6044                           
  6045                           ;charge_mgr.c: 102: if(voltage >= 62 && voltage <= 188)
  6046  0570  3000               	movlw	0
  6047  0571                     L70:	
  6048  0571  0271               	subwf	Detect_BatteryType@voltage+1,w
  6049  0572  303E               	movlw	62
  6050  0573  1903               	skipnz
  6051  0574  0270               	subwf	Detect_BatteryType@voltage,w
  6052  0575  3000               	movlw	0
  6053  0576  1C03               	skipc
  6054  0577  2D7F               	goto	L71
  6055  0578  0271               	subwf	Detect_BatteryType@voltage+1,w
  6056  0579  30BD               	movlw	189
  6057  057A  1903               	skipnz
  6058  057B  0270               	subwf	Detect_BatteryType@voltage,w
  6059  057C  1C03               	btfss	3,0
  6060  057D  3401               	retlw	1
  6061                           
  6062                           ;charge_mgr.c: 106: if(voltage > 188 && voltage < 198)
  6063  057E  3000               	movlw	0
  6064  057F                     L71:	
  6065  057F  0271               	subwf	Detect_BatteryType@voltage+1,w
  6066  0580  30BD               	movlw	189
  6067  0581  1903               	skipnz
  6068  0582  0270               	subwf	Detect_BatteryType@voltage,w
  6069  0583  3000               	movlw	0
  6070  0584  1C03               	skipc
  6071  0585  0008               	return
  6072  0586  0271               	subwf	Detect_BatteryType@voltage+1,w
  6073  0587  30C6               	movlw	198
  6074  0588  1903               	skipnz
  6075  0589  0270               	subwf	Detect_BatteryType@voltage,w
  6076  058A  1C03               	btfss	3,0
  6077  058B  3401               	retlw	1
  6078                           
  6079                           ;charge_mgr.c: 110: return 0;
  6080  058C  3400               	retlw	0
  6081  058D                     __end_of_Detect_BatteryType:	
  6082  007E                     btemp	set	126	;btemp
  6083  007E                     wtemp0	set	126
  6084  058D                     PL2:	
  6085  058D  087A               	movf	ChargeProcess_Slot@p,w
  6086  058E  3E05               	addlw	5
  6087  058F  0084               	movwf	4
  6088  0590  3001               	movlw	1
  6089  0591  0780               	addwf	0,f
  6090  0592  0A84               	incf	4,f
  6091  0593  1803               	skipnc
  6092  0594  0A80               	incf	0,f
  6093  0595  087A               	movf	ChargeProcess_Slot@p,w
  6094  0596  3E05               	addlw	5
  6095  0597  0084               	movwf	4
  6096  0598  0800               	movf	0,w
  6097  0599  00F3               	movwf	??_ChargeProcess_Slot
  6098  059A  0A84               	incf	4,f
  6099  059B  0800               	movf	0,w
  6100  059C  00F4               	movwf	??_ChargeProcess_Slot+1
  6101  059D  0008               	return
  6102  059E                     __end_ofPL2:	
  6103  059E                     PL4:	
  6104  059E  0080               	movwf	0
  6105  059F  087A               	movf	ChargeProcess_Slot@p,w
  6106  05A0  3E05               	addlw	5
  6107  05A1  0084               	movwf	4
  6108  05A2  0180               	clrf	0
  6109  05A3  0A84               	incf	4,f
  6110  05A4  0180               	clrf	0
  6111  05A5  0008               	return
  6112  05A6                     __end_ofPL4:	
  6113  05A6                     PL16:	
  6114  05A6  0A7A               	incf	ChargeProcess_Slot@p,w
  6115  05A7  0084               	movwf	4
  6116  05A8  3007               	movlw	7
  6117  05A9  0080               	movwf	0
  6118  05AA  0008               	return
  6119  05AB                     __end_ofPL16:	


Data Sizes:
    Strings     56
    Constant    96
    Data        1
    BSS         168
    Persistent  0
    Stack       0

Auto Spaces:
    Space          Size  Autos    Used
    COMMON           14     14      14
    BANK0            80     35      59
    BANK1            80     14      16
    BANK3            80      0      72
    BANK2            80      0      72

Pointer List with Targets:

    Print_Status$621	PTR struct . size(1) Largest target is 72
		 -> g_slot1(BANK2[72]), g_slot0(BANK3[72]), 

    Print_Status$620	PTR struct . size(1) Largest target is 72
		 -> g_slot1(BANK2[72]), g_slot0(BANK3[72]), 

    Print_Status$598	PTR struct . size(1) Largest target is 72
		 -> g_slot1(BANK2[72]), g_slot0(BANK3[72]), 

    Print_Status$586	PTR struct . size(1) Largest target is 72
		 -> g_slot1(BANK2[72]), g_slot0(BANK3[72]), 

    Print_Status$575	PTR struct . size(1) Largest target is 72
		 -> g_slot1(BANK2[72]), g_slot0(BANK3[72]), 

    Print_Status$563	PTR struct . size(1) Largest target is 72
		 -> g_slot1(BANK2[72]), g_slot0(BANK3[72]), 

    Print_Status$551	PTR struct . size(1) Largest target is 72
		 -> g_slot1(BANK2[72]), g_slot0(BANK3[72]), 

    uart_send_string@str	PTR const unsigned char  size(1) Largest target is 11
		 -> STR_12(CODE[3]), STR_11(CODE[5]), STR_10(CODE[6]), STR_9(CODE[5]), 
		 -> STR_8(CODE[4]), STR_7(CODE[4]), STR_6(CODE[4]), STR_5(CODE[2]), 
		 -> STR_4(CODE[5]), STR_3(CODE[7]), STR_2(CODE[3]), STR_1(CODE[11]), 

    Led_BlinkProcess$519	PTR struct . size(1) Largest target is 72
		 -> g_slot1(BANK2[72]), g_slot0(BANK3[72]), 

    Led_BlinkProcess$508	PTR struct . size(1) Largest target is 72
		 -> g_slot1(BANK2[72]), g_slot0(BANK3[72]), 

    Led_BlinkProcess$497	PTR struct . size(1) Largest target is 72
		 -> g_slot1(BANK2[72]), g_slot0(BANK3[72]), 

    Led_BlinkProcess$486	PTR struct . size(1) Largest target is 72
		 -> g_slot1(BANK2[72]), g_slot0(BANK3[72]), 

    Led_BlinkProcess$475	PTR struct . size(1) Largest target is 72
		 -> g_slot1(BANK2[72]), g_slot0(BANK3[72]), 

    Update_LED_Slot@p	PTR struct . size(1) Largest target is 72
		 -> g_slot1(BANK2[72]), g_slot0(BANK3[72]), 

    Charging_Control$449	PTR struct . size(1) Largest target is 72
		 -> g_slot1(BANK2[72]), g_slot0(BANK3[72]), 

    ChargeProcess_Slot@p	PTR struct . size(1) Largest target is 72
		 -> g_slot1(BANK2[72]), g_slot0(BANK3[72]), 

    Interrupt_Isr$388	PTR struct . size(1) Largest target is 72
		 -> g_slot1(BANK2[72]), g_slot0(BANK3[72]), 

    System_Init$362	PTR struct . size(1) Largest target is 72
		 -> g_slot1(BANK2[72]), g_slot0(BANK3[72]), 

    System_Init$351	PTR struct . size(1) Largest target is 72
		 -> g_slot1(BANK2[72]), g_slot0(BANK3[72]), 

    System_Init$340	PTR struct . size(1) Largest target is 72
		 -> g_slot1(BANK2[72]), g_slot0(BANK3[72]), 

    System_Init$329	PTR struct . size(1) Largest target is 72
		 -> g_slot1(BANK2[72]), g_slot0(BANK3[72]), 

    System_Init$318	PTR struct . size(1) Largest target is 72
		 -> g_slot1(BANK2[72]), g_slot0(BANK3[72]), 

    System_Init$307	PTR struct . size(1) Largest target is 72
		 -> g_slot1(BANK2[72]), g_slot0(BANK3[72]), 

    System_Init$296	PTR struct . size(1) Largest target is 72
		 -> g_slot1(BANK2[72]), g_slot0(BANK3[72]), 

    System_Init$285	PTR struct . size(1) Largest target is 72
		 -> g_slot1(BANK2[72]), g_slot0(BANK3[72]), 

    System_Init$274	PTR struct . size(1) Largest target is 72
		 -> g_slot1(BANK2[72]), g_slot0(BANK3[72]), 

    SlotPin_ToDigital@cfg.ansel_reg	PTR volatile unsigned char  size(1) Largest target is 1
		 -> ANSEL3(SFR1[1]), ANSEL1(SFR1[1]), ANSEL0(SFR1[1]), 

    SlotPin_ToDigital@cfg.port_reg	PTR volatile unsigned char  size(2) Largest target is 1
		 -> PORTD(SFR2[1]), PORTB(SFR0[1]), PORTA(SFR1[1]), 

    SlotPin_ToDigital@cfg.tris_reg	PTR volatile unsigned char  size(2) Largest target is 1
		 -> TRISD(SFR2[1]), TRISB(SFR0[1]), TRISA(SFR1[1]), 

    SlotPin_ToDigital@cfg	PTR const struct . size(1) Largest target is 96
		 -> s_slotPins(CODE[84]), 

    SlotPin_ToAnalog@cfg.ansel_reg	PTR volatile unsigned char  size(1) Largest target is 1
		 -> ANSEL3(SFR1[1]), ANSEL1(SFR1[1]), ANSEL0(SFR1[1]), 

    SlotPin_ToAnalog@cfg.port_reg	PTR volatile unsigned char  size(2) Largest target is 1
		 -> PORTD(SFR2[1]), PORTB(SFR0[1]), PORTA(SFR1[1]), 

    SlotPin_ToAnalog@cfg.tris_reg	PTR volatile unsigned char  size(2) Largest target is 1
		 -> TRISD(SFR2[1]), TRISB(SFR0[1]), TRISA(SFR1[1]), 

    SlotPin_ToAnalog@cfg	PTR const struct . size(1) Largest target is 96
		 -> s_slotPins(CODE[84]), 

    S19$ansel_reg	PTR volatile unsigned char  size(1) Largest target is 1
		 -> ANSEL3(SFR1[1]), ANSEL1(SFR1[1]), ANSEL0(SFR1[1]), 

    s_slotPins.ansel_reg	PTR volatile unsigned char  size(1) Largest target is 1
		 -> ANSEL3(SFR1[1]), ANSEL1(SFR1[1]), ANSEL0(SFR1[1]), 

    S19$port_reg	PTR volatile unsigned char  size(2) Largest target is 1
		 -> PORTD(SFR2[1]), PORTB(SFR0[1]), PORTA(SFR1[1]), 

    s_slotPins.port_reg	PTR volatile unsigned char  size(2) Largest target is 1
		 -> PORTD(SFR2[1]), PORTB(SFR0[1]), PORTA(SFR1[1]), 

    S19$tris_reg	PTR volatile unsigned char  size(2) Largest target is 1
		 -> TRISD(SFR2[1]), TRISB(SFR0[1]), TRISA(SFR1[1]), 

    s_slotPins.tris_reg	PTR volatile unsigned char  size(2) Largest target is 1
		 -> TRISD(SFR2[1]), TRISB(SFR0[1]), TRISA(SFR1[1]), 


Critical Paths under _main in COMMON

    None.

Critical Paths under _Interrupt_Isr in COMMON

    _Interrupt_Isr->___ftdiv
    ___lwtoft->___ftpack
    ___fttol->___ftdiv
    ___ftdiv->___lwtoft
    _Update_LED_Slot->i1___bmul
    _SlotPin_ToDigital->i1___bmul
    _SlotPin_ToAnalog->i1___bmul
    _Read_Temperature->___lmul
    ___lldiv->___lmul
    _ADC_ReadChannel->_ADC_Sample
    _Print_Status->_uart_send_number
    i1_uart_send_string->i1_uart_send_char
    _uart_send_number->___lwdiv
    _Led_BlinkProcess->i1___bmul
    _Charging_Control->i1___bmul
    _ChargeProcess_Slot->i1___bmul

Critical Paths under _main in BANK0

    None.

Critical Paths under _Interrupt_Isr in BANK0

    _Interrupt_Isr->___fttol
    ___fttol->___ftdiv
    _Read_Temperature->___lldiv
    _ADC_ReadChannel->_ADC_Sample
    _Print_Status->_uart_send_number

Critical Paths under _main in BANK1

    _main->_System_Init
    _uart_send_string->_uart_send_char
    _System_Init->___bmul

Critical Paths under _Interrupt_Isr in BANK1

    None.

Critical Paths under _main in BANK3

    None.

Critical Paths under _Interrupt_Isr in BANK3

    None.

Critical Paths under _main in BANK2

    None.

Critical Paths under _Interrupt_Isr in BANK2

    None.

Call Graph Tables:

 ---------------------------------------------------------------------------------
 (Depth) Function   	        Calls       Base Space   Used Autos Params    Refs
 ---------------------------------------------------------------------------------
 (0) _main                                                 1     1      0    2851
                                             13 BANK1      1     1      0
                        _System_Init
                   _uart_send_string
 ---------------------------------------------------------------------------------
 (1) _uart_send_string                                     1     1      0     456
                                              1 BANK1      1     1      0
                     _uart_send_char
 ---------------------------------------------------------------------------------
 (2) _uart_send_char                                       1     1      0      31
                                              0 BANK1      1     1      0
 ---------------------------------------------------------------------------------
 (1) _System_Init                                         10    10      0    2296
                                              3 BANK1     10    10      0
                             ___bmul
 ---------------------------------------------------------------------------------
 (2) ___bmul                                               3     2      1    1022
                                              0 BANK1      3     2      1
 ---------------------------------------------------------------------------------
 Estimated maximum stack depth 2
 ---------------------------------------------------------------------------------
 (Depth) Function   	        Calls       Base Space   Used Autos Params    Refs
 ---------------------------------------------------------------------------------
 (3) _Interrupt_Isr                                       10    10      0   16856
                                             25 BANK0     10    10      0
                    _ADC_ReadChannel
                         _ADC_Sample
                 _ChargeProcess_Slot
                   _Charging_Control
                   _Led_BlinkProcess
                 _PowerOnLedSequence
                       _Print_Status
                   _Read_Temperature
                   _SlotPin_ToAnalog
                  _SlotPin_ToDigital
                    _Update_LED_Slot
                            ___ftdiv
                            ___fttol
                           ___lwtoft
                           i1___bmul
 ---------------------------------------------------------------------------------
 (4) ___lwtoft                                             3     0      3     912
                                              8 COMMON     3     0      3
                           ___ftpack
 ---------------------------------------------------------------------------------
 (4) ___fttol                                             13     9      4      62
                                             12 BANK0     13     9      4
                            ___ftdiv (ARG)
                           ___lwtoft (ARG)
 ---------------------------------------------------------------------------------
 (4) ___ftdiv                                             15     9      6     982
                                             11 COMMON     3     3      0
                                              0 BANK0     12     6      6
                           ___ftpack
                           ___lwtoft (ARG)
 ---------------------------------------------------------------------------------
 (5) ___ftpack                                             8     3      5     900
                                              0 COMMON     8     3      5
 ---------------------------------------------------------------------------------
 (4) _Update_LED_Slot                                      2     2      0     973
                                              3 COMMON     2     2      0
                           i1___bmul
 ---------------------------------------------------------------------------------
 (4) _SlotPin_ToDigital                                    5     5      0     795
                                              3 COMMON     5     5      0
                           i1___bmul
 ---------------------------------------------------------------------------------
 (4) _SlotPin_ToAnalog                                     5     5      0     795
                                              3 COMMON     5     5      0
                           i1___bmul
 ---------------------------------------------------------------------------------
 (4) _Read_Temperature                                     9     9      0    1619
                                             13 BANK0      9     9      0
                    _ADC_ReadChannel
                            ___lldiv
                             ___lmul
 ---------------------------------------------------------------------------------
 (5) ___lmul                                              12     4      8     198
                                              0 COMMON    12     4      8
 ---------------------------------------------------------------------------------
 (5) ___lldiv                                             13     5      8     290
                                              0 BANK0     13     5      8
                             ___lmul (ARG)
 ---------------------------------------------------------------------------------
 (5) _ADC_ReadChannel                                      4     2      2     657
                                              5 COMMON     4     2      2
                         _ADC_Sample
 ---------------------------------------------------------------------------------
 (6) _ADC_Sample                                          18    17      1     635
                                              0 COMMON     5     4      1
                                              0 BANK0     13    13      0
 ---------------------------------------------------------------------------------
 (4) _Print_Status                                         8     8      0    2933
                                              8 BANK0      8     8      0
                   _uart_send_number
                           i1___bmul
                 i1_uart_send_string
 ---------------------------------------------------------------------------------
 (5) i1_uart_send_string                                   1     1      0      67
                                              1 COMMON     1     1      0
                   i1_uart_send_char
 ---------------------------------------------------------------------------------
 (5) _uart_send_number                                    10     8      2    1145
                                              7 COMMON     2     0      2
                                              0 BANK0      8     8      0
                            ___lwdiv
                            ___lwmod
                   i1_uart_send_char
 ---------------------------------------------------------------------------------
 (6) i1_uart_send_char                                     1     1      0      22
                                              0 COMMON     1     1      0
 ---------------------------------------------------------------------------------
 (6) ___lwmod                                              5     1      4     265
                                              0 COMMON     5     1      4
 ---------------------------------------------------------------------------------
 (6) ___lwdiv                                              7     3      4     268
                                              0 COMMON     7     3      4
 ---------------------------------------------------------------------------------
 (4) _PowerOnLedSequence                                   0     0      0       0
 ---------------------------------------------------------------------------------
 (4) _Led_BlinkProcess                                     8     8      0    1422
                                              3 COMMON     8     8      0
                           i1___bmul
 ---------------------------------------------------------------------------------
 (4) _Charging_Control                                     5     5      0    1242
                                              3 COMMON     5     5      0
                           i1___bmul
 ---------------------------------------------------------------------------------
 (4) _ChargeProcess_Slot                                   8     8      0    3037
                                              3 COMMON     8     8      0
                 _Detect_BatteryType
                           i1___bmul
 ---------------------------------------------------------------------------------
 (4) i1___bmul                                             3     2      1     684
                                              0 COMMON     3     2      1
 ---------------------------------------------------------------------------------
 (5) _Detect_BatteryType                                   2     0      2     229
                                              0 COMMON     2     0      2
 ---------------------------------------------------------------------------------
 Estimated maximum stack depth 6
 ---------------------------------------------------------------------------------

 Call Graph Graphs:

 _main (ROOT)
   _System_Init
     ___bmul
   _uart_send_string
     _uart_send_char

 _Interrupt_Isr (ROOT)
   _ADC_ReadChannel
     _ADC_Sample
   _ADC_Sample
   _ChargeProcess_Slot
     _Detect_BatteryType
     i1___bmul
   _Charging_Control
     i1___bmul
   _Led_BlinkProcess
     i1___bmul
   _PowerOnLedSequence
   _Print_Status
     _uart_send_number
       ___lwdiv
       ___lwmod
       i1_uart_send_char
     i1___bmul
     i1_uart_send_string
       i1_uart_send_char
   _Read_Temperature
     _ADC_ReadChannel
       _ADC_Sample
     ___lldiv
       ___lmul (ARG)
     ___lmul
   _SlotPin_ToAnalog
     i1___bmul
   _SlotPin_ToDigital
     i1___bmul
   _Update_LED_Slot
     i1___bmul
   ___ftdiv
     ___ftpack
     ___lwtoft (ARG)
       ___ftpack
   ___fttol
     ___ftdiv (ARG)
       ___ftpack
       ___lwtoft (ARG)
         ___ftpack
     ___lwtoft (ARG)
       ___ftpack
   ___lwtoft
     ___ftpack
   i1___bmul

 Address spaces:
Name               Size   Autos  Total    Cost      Usage
BANK3               50      0      48       8       90.0%
BITBANK3            50      0       0       7        0.0%
SFR3                 0      0       0       4        0.0%
BITSFR3              0      0       0       4        0.0%
BANK2               50      0      48      10       90.0%
BITBANK2            50      0       0       9        0.0%
SFR2                 0      0       0       5        0.0%
BITSFR2              0      0       0       5        0.0%
BANK1               50      E      10       6       20.0%
BITBANK1            50      0       0       5        0.0%
SFR1                 0      0       0       2        0.0%
BITSFR1              0      0       0       2        0.0%
BANK0               50     23      3B       4       73.8%
BITBANK0            50      0       1       3        1.3%
SFR0                 0      0       0       1        0.0%
BITSFR0              0      0       0       1        0.0%
COMMON               E      E       E       1      100.0%
BITCOMMON            E      0       0       0        0.0%
CODE                 0      0       0       0        0.0%
DATA                 0      0      E9      12        0.0%
ABS                  0      0      E9      11        0.0%
NULL                 0      0       0       0        0.0%
STACK                0      0       0       2        0.0%


Microchip Technology PIC Macro Assembler V1.45 build -152302408 
Symbol Table                                                                                   Sun Jun 07 11:45:02 2026

         _Detect_BatteryType 0554       Read_Temperature@ntcVal 0031     __end_of_uart_send_number 034A  
                          pc 0002         ??i1_uart_send_string 0071               ___bmul@product 00A1  
                         PL2 058D                           PL4 059E                           PL6 0FEC  
                         PL8 0FF5     __end_of_uart_send_string 0C0F             _Read_Temperature 05AB  
                         fsr 0004          ?_Detect_BatteryType 0070                          PL10 07D5  
                        PL20 0404                          PL12 03FC                          PL22 040A  
                        PL14 07E4                          PL24 0410                          PL16 05A6  
                        PL26 0CC2                          PL18 0D22    __size_of_SlotPin_ToAnalog 003C  
                        l382 0C23                          l386 0C2A                          l659 0C10  
                        _GIE 005F                          _RA0 0430                          _RA1 0431  
                        _RA2 0432                          _RB0 0030                          _RA3 0433  
                        _RB1 0031                          _RC0 0830                          _RB2 0032  
                        _RB3 0033                          _RC2 0832                          _RD0 0838  
                        _RC3 0833                          _RD1 0839                          _RC4 0834  
                        _RD2 083A                          _RB6 0036                          _RC5 0835  
                        _RD3 083B                          _RB7 0037          __size_of_ADC_Sample 00DE  
                        fsr0 0004                          indf 0000                 ___ftdiv@cntr 0026  
               ___ftdiv@sign 002B                         l3231 0F36                         l3129 0FE0  
                       l3319 0BF8                         _CHS4 04B6                         STR_1 0866  
                       STR_2 0899                         STR_3 0871                         STR_4 087E  
                       STR_5 089C                         STR_6 0895                         STR_7 088D  
                       STR_8 0891                         STR_9 0888                         _T0IE 005D  
                       _T0IF 005A                         _IOCA 0089                         _IOCB 0009  
                       _PEIE 005E                         _TMR0 0081                         _WPDA 0087  
                       _WPDB 0007                         _WPUA 0088                         _WPUB 0008  
                       _WPUC 0108                         _WPUD 0115         ??_Detect_BatteryType 0072  
                       _main 0C18                 ___ftpack@arg 0070                 ___ftpack@exp 0073  
                       btemp 007E    __size_of_Charging_Control 0112                         start 0012  
  __size_of_Led_BlinkProcess 007D            ___bmul@multiplier 00A2         __size_of_System_Init 00F9  
           ??_uart_send_char 00A0              _ADC_ReadChannel 03CD                 ___fttol@exp1 0038  
               ___fttol@lval 0034         _Charging_Control$449 0073                        ?_main 0070  
                      STR_10 0878                        STR_11 0883                        STR_12 086E  
            __end_of___ftdiv 0D91              __end_of___lldiv 06C4              __end_of___fttol 0D22  
                      _RC1IE 0880                        _RC1IF 0878              __end_of___lwdiv 037C  
                      i1l422 012A              __end_of___lwmod 03A0                        i1l434 0715  
                      i1l444 0772                        i1l612 0CAF                        i1l438 0730  
                      i1l448 07BA                        i1l570 0E2D                        i1l571 0E31  
                      i1l563 0E1D                        i1l572 0E35                        i1l732 06C8  
                      i1l396 010D                        i1l573 0E39                        i1l565 0E1F  
                      i1l590 0E89                        i1l582 0E75                        i1l574 0E3D  
                      i1l566 0E21                        i1l591 0E8D                        i1l575 0E41  
                      i1l567 0E23                        i1l592 0E91                        i1l584 0E77  
                      i1l568 0E25                        i1l593 0E95                        i1l585 0E79  
                      i1l577 0E72                        i1l569 0E29                        i1l594 0E99  
                      i1l586 0E7B                        i1l587 0E7D                        i1l659 034B  
                      i1l931 0D4B                        i1l596 0EE2                        i1l588 0E81  
                      i1l589 0E85                        i1l699 02DC                        i1l877 0D99  
                      i1l889 0DC1                        _PORTA 0086                        _PORTB 0006  
                      _PORTC 0106                        _PORTD 0107                        _TRISA 0085  
                      _TRISB 0005                        _TRMT1 0C29                        _TRISC 0105  
                      _TRISD 0114          ___lmul@multiplicand 0074                ___ftpack@sign 0074  
                      main@i 00AD             __end_ofi1___bmul 02F6                        pclath 000A  
                      status 0003                        wtemp0 007E              __initialization 0015  
              _s_adcChannels 0806             Update_LED_Slot@p 0074                 __end_of_main 0C3E  
                     ??_main 00AD                ___fttol@sign1 0033        i1uart_send_string@str 0071  
         _ChargeProcess_Slot 0416                       _CC0CON 0195                       _CC1CON 0196  
                     _ADCON0 0095                       _ADCON1 0096         _Led_BlinkProcess$508 0078  
       _Led_BlinkProcess$519 0079         _Led_BlinkProcess$475 0075         _Led_BlinkProcess$486 0076  
       _Led_BlinkProcess$497 0077                       _ADRESH 0099                       _ADRESL 0098  
                     _ANSEL0 0093                       _ANSEL1 0094                       _ANSEL2 0109  
                     _ANSEL3 008C             __end_of___ftpack 0DD3                       _GODONE 04A9  
                     i1l2205 07BE                       i1l2227 0360                       i1l2251 0388  
                     i1l2171 071A                       i1l2403 06BB                       i1l4011 00FC  
                     i1l2341 0335                       i1l2413 02F7                       i1l2181 073C  
                     i1l2165 0717                       i1l2157 0709                       i1l4013 0100  
                     i1l2239 0377                       i1l2335 0315                       i1l2159 070B  
                     i1l4031 0127                       i1l4007 00F2                       i1l2417 02EA  
                     i1l3401 04C9                       i1l2345 033B                       i1l2193 0766  
                     i1l4017 0102                       i1l3411 04DC                       i1l3331 0435  
                     i1l2259 039B                       i1l2195 076E                       i1l2275 03E0  
                     i1l2189 0759                       i1l3423 04F7                       i1l3407 04D4  
                     i1l3351 046A                       i1l3335 0444                       i1l2391 0690  
                     i1l2359 06DE                       i1l3433 0516                       i1l3417 04E7  
                     i1l2609 03BA                       i1l3443 0533                       i1l3427 050B  
                     i1l3523 0DF2                       i1l3515 01E8                       i1l2811 0640  
                     i1l2803 062E                       i1l3381 04A3                       i1l3349 0469  
                     i1l3613 028E                       i1l3461 0CBB                       i1l3391 04B6  
                     i1l3375 0498                       i1l3359 0480                       i1l3447 0537  
                     i1l3623 02A8                       i1l2831 066D                       i1l2823 065B  
                     i1l2815 0649                       i1l2807 0637                       i1l3463 0CC1  
                     i1l3455 0CAE                       i1l3385 04AB                       i1l3369 048D  
                     i1l3561 0EDA                       i1l3529 0DF3                       i1l3457 0CAF  
                     i1l3395 04BE                       i1l3555 0E9D                       i1l3547 0E45  
                     i1l3475 0172                       i1l2835 0677                       i1l2827 0664  
                     i1l2819 0652                       i1l3459 0CB5                       i1l3557 0EC3  
                     i1l3549 0E6B                       i1l3573 020E                       i1l3901 0CD1  
                     i1l3639 02D8                       i1l2791 0613                       i1l2783 0601  
                     i1l3903 0CD6                       i1l3841 0DA2                       i1l2795 061C  
                     i1l2787 060A                       i1l3851 0DB6                       i1l3843 0DA7  
                     i1l3931 0D0B                       i1l3923 0CFD                       i1l3845 0DB1  
                     i1l2799 0625                       i1l3839 0D9D                       i1l3863 0D3A  
                     i1l3935 0D19                       i1l3919 0CF5                       i1l3849 0DBF  
                     i1l3929 0D01                       i1l3953 0047                       i1l3971 0092  
                     i1l3885 0D5E                       i1l3967 007F                       i1l3993 00AF  
                     i1l3985 00A6                       _LDO_EN 04B2                       u162_25 07AE  
                     u171_25 038E                       u164_25 07C7                       u157_25 075F  
                     u158_25 076C                       u167_25 0369                       _RCREG1 0188  
                     u416_25 0D6C             __end_of___lwtoft 03FC                       u194_25 06A3  
                     u363_20 0ECE                       u419_25 0CDA                       u364_24 0ED1  
                     u436_27 00F9                       u365_20 0ED7                       u437_27 03E5  
                     u438_27 0706                       _RCSTA1 0186                       _OSCCON 0014  
                     _SPBRG1 0189          ?_ChargeProcess_Slot 0070                 ??_ADC_Sample 0071  
    __end_of_ADC_ReadChannel 03EA                       _TXREG1 0187                       _RXOK_f 02C8  
                     _TXSTA1 0185                       ___bmul 0FDE                       ___lmul 06C4  
                  ??___ftdiv 007B                    ??___lldiv 007C                    ??___fttol 0030  
                  ??___lwdiv 0074                    ??___lwmod 0074       __size_of_Interrupt_Isr 00FF  
       ??_ChargeProcess_Slot 0073     __end_ofi1_uart_send_char 0352             _SlotPin_ToAnalog 0C3E  
         __end_of_ADC_Sample 07D5                       saved_w 007E              _Update_LED_Slot 0C7A  
   __end_of_Read_Temperature 067C      __end_of__initialization 0034             _Charging_Control 0DD3  
                 ___ftdiv@f1 0023                   ___ftdiv@f2 0020                   ___ftdiv@f3 0027  
           _Led_BlinkProcess 0171          ___bmul@multiplicand 00A0                   ___fttol@f1 002C  
             __pcstackCOMMON 0070   __end_of_PowerOnLedSequence 03CD                 __pidataBANK0 0000  
          ?_uart_send_number 0077            ?_uart_send_string 0070                   __end_ofPL2 059E  
                 __end_ofPL4 05A6                   __end_ofPL6 0FF5                   __end_ofPL8 1000  
                  ?i1___bmul 0070           ??_uart_send_number 0079                   ___lwtoft@c 0078  
         ??_uart_send_string 00A1  Charging_Control@chargeB7_12 0075             i1___bmul@product 0072  
                 __pbssBANK0 0043                   __pbssBANK1 00AE                   __pbssBANK2 0120  
                 __pbssBANK3 01A0                _Interrupt_Isr 0038             ?_ADC_ReadChannel 0075  
                 __pmaintext 0C18                      ?___bmul 00A0                      ?___lmul 0070  
                 __pintentry 0004  __size_ofi1_uart_send_string 0017            Charging_Control@i 0077  
          Charging_Control@s 0076               ___lmul@product 0078                    ?___ftpack 0070  
                 ??i1___bmul 0071                    ?___lwtoft 0078      __end_of_Update_LED_Slot 0CC2  
          Led_BlinkProcess@i 007A               ?_Interrupt_Isr 0070                   __stringtab 0800  
__size_of_Detect_BatteryType 0039                ??_System_Init 00A3                      _RxTable 0043  
            ADC_Sample@adldo 0070              ADC_Sample@admax 0029              ADC_Sample@admin 0027  
            ADC_Sample@adsum 0023                ?_Print_Status 0070              __size_of___bmul 000E  
            __size_of___lmul 0033                      ___ftdiv 0D29                      ___lldiv 067C  
                    ___fttol 0CC7                      ___lwdiv 0352                      ___lwmod 037C  
          uart_send_number@i 0026            uart_send_number@j 0027                   ??___ftpack 0075  
                    _g_slot0 01A0                      _g_slot1 0120                      __ptext1 0BF6  
                    __ptext2 0C0F                      __ptext3 0EE5                      __ptext4 0FDE  
                    __ptext5 0038                      __ptext6 03EA                      __ptext7 0CC7  
                    __ptext8 0D29                      __ptext9 0D91                   ??___lwtoft 007B  
        i1___bmul@multiplier 0071            i1uart_send_char@c 0070                      clrloop0 07EE  
            _System_Init$307 00A6              _System_Init$340 00A9              _System_Init$318 00A7  
            _System_Init$351 00AA              _System_Init$329 00A8              _System_Init$362 00AB  
            _System_Init$274 00A3              _System_Init$285 00A4              _System_Init$296 00A5  
          _SlotPin_ToDigital 0137         end_of_initialization 0034           ?_SlotPin_ToDigital 0070  
   __end_of_SlotPin_ToAnalog 0C7A                   _s_slotPins 0812              ___lldiv@divisor 0020  
            ___lldiv@counter 002C          ??_SlotPin_ToDigital 0073               ??_Print_Status 0079  
        __end_of_System_Init 0FDE                 _g_systemTick 004D     __end_of_Charging_Control 0EE5  
          ?i1_uart_send_char 0070      __size_of_uart_send_char 0009     __end_of_Led_BlinkProcess 01EE  
           ?_Update_LED_Slot 0070                 System_Init@i 00AC           ??i1_uart_send_char 0070  
            ??_Interrupt_Isr 0039    __end_of_SlotPin_ToDigital 0171            ?_Read_Temperature 0070  
                ___ftdiv@exp 002A           ??_Read_Temperature 002D               __end_of___bmul 0FEC  
             __end_of___lmul 06F7           Update_LED_Slot@idx 0073  __size_of_ChargeProcess_Slot 013E  
              __pbitbssBANK0 02C8            __size_ofi1___bmul 000E           _PowerOnLedSequence 03A0  
                __end_ofPL10 07E4                  __end_ofPL20 040A                  __end_ofPL12 0404  
                __end_ofPL22 0410                  __end_ofPL14 07ED                  __end_ofPL24 0416  
                __end_ofPL16 05AB                  __end_ofPL26 0CC7                  __end_ofPL18 0D29  
        start_initialization 0015    __size_of_uart_send_number 003D    __size_of_uart_send_string 0019  
        ?_PowerOnLedSequence 0070                  _System_Init 0EE5                     ??___bmul 00A1  
                   ??___lmul 0078            ADC_Sample@ad_temp 002B         ??_PowerOnLedSequence 0070  
                __pdataBANK0 005A           Interrupt_Isr@RxNum 0051            __size_of___ftpack 0042  
                  ___latbits 0002            __size_of___lwtoft 0012                __pcstackBANK0 0020  
              __pcstackBANK1 00A0   __size_of_SlotPin_ToDigital 003A         __end_of_Print_Status 02E8  
        uart_send_number@buf 0020          uart_send_number@num 0077               _g_powerOnPhase 0052  
             _g_powerOnTimer 00AE         SlotPin_ToDigital@cfg 0077         SlotPin_ToDigital@idx 0076  
           ___lwdiv@dividend 0072        __end_of_s_adcChannels 0812   __end_ofi1_uart_send_string 030D  
                _g_scanIndex 0054                  _g_scanPhase 0053                     ?___ftdiv 0020  
                   ?___lldiv 0020                     ?___fttol 002C     __size_of_ADC_ReadChannel 001D  
                   ?___lwdiv 0070                     ?___lwmod 0070                    __pstrings 0800  
  Detect_BatteryType@voltage 0070               _uart_send_char 0C0F               ADC_Sample@adch 0021  
        uart_send_string@str 00A1             ___lwdiv@quotient 0074   __end_of_Detect_BatteryType 058D  
                ADC_Sample@i 0022                  ADC_Sample@j 0020            interrupt_function 0004  
                  clear_ram0 07ED            ?_SlotPin_ToAnalog 0070        i1___bmul@multiplicand 0070  
         ??_SlotPin_ToAnalog 0073       __end_of_uart_send_char 0C18                     i1___bmul 02E8  
                __stringbase 0805            ?_Charging_Control 0070                Print_Status@i 002F  
          ?_Led_BlinkProcess 0070           ??_Charging_Control 0073             _uart_send_number 030D  
         ??_Led_BlinkProcess 0073            ___lmul@multiplier 0070                _g_tempProtect 0056  
           _uart_send_string 0BF6                   _ADC_Sample 06F7    __size_ofi1_uart_send_char 0008  
              _g_temperature 005A             __size_of___ftdiv 0068          SlotPin_ToAnalog@cfg 0077  
           __size_of___lldiv 0048          SlotPin_ToAnalog@idx 0076             __size_of___fttol 005B  
  __size_of_Read_Temperature 00D1             __size_of___lwdiv 002A             __size_of___lwmod 0024  
                   ___ftpack 0D91              ?_uart_send_char 0070           __end_of__stringtab 0806  
                   ___lwtoft 03EA        __size_of_Print_Status 00FA            ??_ADC_ReadChannel 0077  
                   _adresult 0057              ___lwdiv@divisor 0070              ___lwdiv@counter 0076  
                   __ptext10 0C7A                     __ptext11 0137                     __ptext20 030D  
                   __ptext12 0C3E                     __ptext21 034A                     __ptext13 05AB  
                   __ptext22 037C                     __ptext14 06C4                     __ptext23 0352  
                   __ptext15 067C                     __ptext24 03A0                     __ptext16 03CD  
                   __ptext25 0171                     __ptext17 06F7                     __ptext26 0DD3  
                   __ptext18 01EE                     __ptext27 0416                     __ptext19 02F6  
                   __ptext28 02E8                     __ptext29 0554        ChargeProcess_Slot@idx 0075  
      __end_of_Interrupt_Isr 0137              uart_send_char@c 00A0     __size_of_Update_LED_Slot 0048  
              __size_of_main 0026   Charging_Control@chargeB1_6 0074                 ?_System_Init 0070  
                   _test_adc 0055                 _Print_Status 01EE                     _power_ad 004F  
 __end_of_ChargeProcess_Slot 0554            ADC_ReadChannel@ch 0078           __end_of_s_slotPins 0866  
                   intlevel1 0000             ___lwmod@dividend 0072                  ?_ADC_Sample 0070  
           ___lldiv@dividend 0024                    stringcode 0800  __size_of_PowerOnLedSequence 002D  
                 _OPTION_REG 0001             _Print_Status$620 002D             _Print_Status$621 002E  
           _Print_Status$551 0028             _Print_Status$563 0029             _Print_Status$575 002A  
           _Print_Status$586 002B             _Print_Status$598 002C           i1_uart_send_string 02F6  
           ___lldiv@quotient 0028          ChargeProcess_Slot@p 007A          ChargeProcess_Slot@v 0078  
            ___lwmod@divisor 0070              ___lwmod@counter 0074                     stringdir 0800  
                   stringtab 0800          ?i1_uart_send_string 0070      Interrupt_Isr@power_temp 003F  
          _Interrupt_Isr$388 003E             i1_uart_send_char 034A            ??_Update_LED_Slot 0073  
       Read_Temperature@ntcR 0034         Read_Temperature@temp 0033  
